A	01	011	0111	稻作栽培業	從事稻米栽培之行業。
A	01	011	0112	雜糧栽培業	從事雜糧作物栽培之行業，如麥類、玉米、高粱、紅豆、甘藷、落花生等栽培。
A	01	011	0113	特用作物栽培業	從事纖維料、油料、嗜好料、香料、藥料及糖料等特用作物（主要供加工製造用之農產原料作物）栽培之行業，如大甲藺、芝麻、油茶、向日葵、茶、咖啡、菸草、胡椒、茴香、當歸、枸杞、山藥、甜菜、甘蔗等栽培。牧草、桑樹及綠肥作物栽培亦歸入本類。
A	01	011	0114	蔬菜栽培業	從事根菜類、莖菜類、葉菜類、花菜類、果菜類、芽苗類等蔬菜栽培之行業，如蘿蔔、胡蘿蔔、馬鈴薯、芋、洋蔥、韭類、竹筍、蘆筍、茭白筍、芥菜、甕菜、芹菜、白菜、甘藍、花椰菜、金針菜、胡瓜、冬瓜、苦瓜、茄子、蕃茄、番椒、菜豆、豌豆、玉米筍等栽培。生鮮用香、辛料之栽培亦歸入本類，如薑、蔥、蒜等栽培。
A	01	011	0115	果樹栽培業	從事水果及乾果栽培而以收穫其果實為目的之行業，如柑桔類、荔枝、龍眼、桃、李、梨、木瓜、芒果、棗、葡萄、鳳梨、香蕉、胡桃、栗、椰子、橄欖、檳榔等栽培。
A	01	011	0116	食用菌菇類栽培業	從事食用菌菇類栽培及其菌種培育之行業，如香菇、洋菇、木耳等栽培。
A	01	011	0117	花卉栽培業	從事花卉栽培之行業，如盆花植物、切花植物等栽培。觀葉植物及盆景栽培亦歸入本類。
A	01	011	0119	其他農作物栽培業	從事0111至0117細類以外農作物栽培之行業，如種苗培育、草皮栽培、庭園樹木栽培等。
A	01	012	0121	牛飼育業	從事牛隻飼育之行業。
A	01	012	0122	豬飼育業	從事豬隻飼育之行業。
A	01	012	0123	雞飼育業	從事雞隻飼育之行業。
A	01	012	0124	鴨飼育業	從事鴨隻飼育之行業。
A	01	012	0129	其他畜牧業	從事0121至0124細類以外畜牧之行業，如羊、馬、鹿、鵝、火雞、狗、貓、蠶、蜂等飼育。蚯蚓及蝸牛養殖亦歸入本類。
A	01	013	0131	作物栽培服務業	從事作物之種植、栽培、保護、採收等服務之行業，如農地耕整、病蟲害防治、鼠害防除、農作物噴藥、土壤處理及施肥、作物採收等機器或人力操作。
A	01	013	0132	作物採收後處理業	從事作物採收後未銷售前初步處理之行業。
A	01	013	0133	畜牧服務業	從事畜牧服務之行業，如家禽孵育、家畜剪毛、家畜禽配種、蛋類選洗包裝等。寵物配種亦歸入本類。
A	01	013	0139	其他農事服務業	從事0131至0133細類以外農事服務之行業，如農藥調配、農工徵集與管理、農田給水灌溉與排水管理等。
A	02	021	0210	造林業	從事林木、竹林之育苗、移植、種植、保護、管理等行業。
A	02	022	0221	伐木業	從事木竹之砍伐、剝皮、切斷等初步處理，生產幹木、圓段、粗劈材等，以及利用索道、溜槽、溪流等集運材木之行業。在林地以簡易炭窯燒製木（竹）炭亦歸入本類。
A	02	022	0222	野生物採捕業	從事林區野生物採捕之行業，如野菌菇、樹脂、果實、堅果、苔蘚等採集及動物、昆蟲捕捉。
A	03	031	0311	海洋漁業	在遠洋、近海及沿岸從事水產生物採捕之行業。
A	03	031	0312	內陸漁撈業	在湖泊、河川、水庫等內陸水域從事水產生物採捕之行業。
A	03	032	0321	海面養殖業	在海面從事水產生物繁殖或飼養之行業。
A	03	032	0322	內陸養殖業	在內陸從事水產生物繁殖或飼養之行業。
B	05	050	0500	石油及天然氣礦業	從事石油及天然氣之探勘、採取、初步處理及準備作業等行業。從事油頁岩或瀝青砂開採、油田或天然氣田生產之碳氫化合物中分離提取液態烴，以及油氣井設備安裝服務亦歸入本類。
B	06	060	0600	砂、石及黏土採取業	從事砂、石及黏土之探勘、採取、初步處理及準備作業等行業，如大理石、石灰石、蛇紋石、花崗岩、砂岩、石膏等可供建築用材及砂（含矽砂）、礫、黏土、瓷土等採取。
B	07	070	0700	其他礦業及土石採取業	從事0500及0600細類以外礦業及土石之探勘、採取、初步處理及準備作業等行業，如煤、金屬礦、鹽、雲母、硫磺、水晶等採取。
C	08	081	0811	屠宰業	從事禽畜之屠宰、解體與分裝之行業。
C	08	081	0812	冷凍冷藏肉類製造業	從事冷凍冷藏肉類製造之行業。
C	08	081	0813	肉品製造業	從事肉類乾製、醃製或燻製等處理之行業，如香腸、火腿等製造。
C	08	082	0821	冷凍冷藏水產製造業	從事冷凍冷藏水產製造之行業。
C	08	082	0822	水產品製造業	從事水產乾製、醃製、燻製、鹽漬等處理之行業，如魚片、魚子、魚子醬、魚粉等製造。
C	08	083	0831	冷凍冷藏蔬果製造業	從事冷凍冷藏蔬果製造之行業。
C	08	083	0832	蔬果製品製造業	從事蔬果乾製、油漬、酸漬、糖漬、鹽漬及烘製等處理之行業，如馬鈴薯之處理及保藏、果醬、果凍、果膠、堅果醬、新鮮水果與蔬菜濃縮物、去皮蔬果、豆腐等製造。
C	08	084	0840	食用油脂製造業	從事粗製及精煉動植物食用油脂之行業，如橄欖油、大豆油、人造奶油、烹飪用油、動物油脂等製造。
C	08	085	0850	乳品製造業	從事乳品製造之行業，如鮮乳、調味乳、乳油、優格、乳酪、冰淇淋等製造。
C	08	086	0861	碾穀業	從事穀類脫殼、精碾之行業。
C	08	086	0862	磨粉製品製造業	從事以稻、麥、豆、薯等製造麵粉、粗粒粉、籤、片及速食穀類食品之行業，如麵粉、糯米粉、黃豆粉等製造。麵糰製造亦歸入本類。
C	08	086	0863	澱粉及其製品製造業	從事澱粉及其製品製造之行業，如澱粉、葡萄糖、葡萄糖糖漿、麥芽糖、麵筋等製造。玉米碾磨及以澱粉調製樹薯粉及樹薯粉替代品等製造亦歸入本類。
C	08	087	0870	動物飼料配製業	從事動物飼料或飼料添加物製造、調配等行業。
C	08	089	0891	烘焙炊蒸食品製造業	從事烘焙炊蒸食品製造之行業，如麵包、蛋糕、餅乾、年糕、蘿蔔糕、米果等製造。
C	08	089	0892	麵條、粉條類食品製造業	從事以穀類細粉揉成粉坯，經人工或機器擠軋、拉漏等操作，製成生、熟麵條、粉條食品之行業，如麵條、米粉、冬粉、速食麵等製造。
C	08	089	0893	製糖業	從事以甘蔗、甜菜及原料糖等製造或精煉砂糖之行業。糖漿及糖蜜製造亦歸入本類。
C	08	089	0894	糖果製造業	從事以各種原料製造糖果之行業，如軟糖、口香糖、巧克力糖、牛奶糖等製造。
C	08	089	0895	製茶業	從事茶葉分級、殺菁、發酵、揉捻、烘焙、加料、壓製之行業。
C	08	089	0896	調味品製造業	從事調味品製造之行業，如味精、食用鹽、醬油、蕃茄醬、辣椒醬、食用醋、芥末粉及其他調味品等製造。
C	08	089	0897	調理食品製造業	從事現成膳食及菜餚製造，並經冷凍、罐裝或真空包裝等處理以利保存之行業，如冷凍調理肉類、魚類及蔬菜菜餚、罐裝燉肉、冷凍披薩、冷凍粽子、冷凍盒餐等製造。
C	08	089	0899	未分類其他食品製造業	從事0891至0897細類以外之其他食品製造之行業，如咖啡、特殊營養食品、人造蜂蜜、焦糖、酵母、肉類之萃取物及汁液、蛋製品、冰棒及易腐壞調理食品（如三明治）等製造。
C	09	091	0911	啤酒製造業	從事啤酒製造之行業。
C	09	091	0919	其他酒精飲料製造業	從事啤酒以外，含酒精成分超過0.5％飲料釀造、蒸餾、調配、再蒸餾、再加料、調和等行業，如釀造酒、再製酒、蒸餾酒、料理酒等製造。
C	09	092	0920	非酒精飲料製造業	從事含酒精成分不超過0.5％飲料製造之行業，如茶類飲料、碳酸飲料、咖啡飲料、醋飲料、運動飲料、包裝飲用水及蔬果汁飲料等製造。
C	10	100	1000	菸草製造業	從事以菸草或菸草代用品作為原料，製造可供吸用、嚼用、含用或聞用等菸草製品之行業，包括菸草之揀選、分級、燻蒸、除骨、複燻、加料、後熟、壓片、切絲、乾冷、加香、捲製等製造。
C	11	111	1111	棉、毛紡紗業	從事棉、毛纖維處理及紗線紡製之行業。
C	11	111	1112	人造纖維紡紗業	從事人造纖維紡紗之行業，如嫘縈棉紗（線）、聚酯棉紗（線）紡製等製造。
C	11	111	1113	人造纖維加工絲業	從事人造纖維假撚加工或締捲加工之行業，如聚酯加工絲、聚胺加工絲等製造。
C	11	111	1119	其他紡紗業	從事1111至1113細類以外纖維處理、紗線紡製之行業，如麻紗（線）、蠶絲紗（線）紡製、韌性植物纖維處理、紙紗等製造。
C	11	112	1121	棉、毛梭織布業	從事以棉紗、羊毛紗、其他動物毛紗為主要原料，在梭織機上以經紗（絲）與緯紗（絲）垂直交錯方式織造布疋之行業。
C	11	112	1122	人造纖維梭織布業	從事以人造纖維紗（絲）為主要原料，在梭織機上以經紗（絲）與緯紗（絲）垂直交錯方式織造布疋之行業。
C	11	112	1123	玻璃纖維梭織布業	從事以玻璃纖維紗（絲）為主要原料，在梭織機上以經紗（絲）與緯紗（絲）垂直交錯方式織造布疋之行業。
C	11	112	1124	針織布業	從事以經編、圓編或橫編織造布疋之行業。針織之仿毛皮製造亦歸入本類。
C	11	112	1129	其他織布業	從事1121至1124細類以外材質之紗（絲）為原料織造布疋之行業，如麻梭織物、蠶絲梭織物、韌性植物纖維梭織物、圈絨梭織物、毛絨花紗梭織物、毛巾織物、編織之仿毛皮等製造。
C	11	113	1130	不織布業	從事以天然纖維及人造纖維經膠合、針軋、水軋、熱融、紡黏及融噴等方法製成織品之行業。
C	11	114	1140	印染整理業	從事纖維、紗線、布疋、成衣、織帶、拉鍊、繩網等漂白、染色、整理及塗佈之行業。在紡織品或成衣上絹印亦歸入本類。
C	11	115	1151	紡織製成品製造業	從事各種紡織材料之紡織製成品製造之行業，如毛毯、床單、桌巾、毛巾、浴巾、被褥、枕頭、睡袋、窗簾、床罩、地毯及墊子等製造。帳篷、船帆、遮陽篷、救生衣及降落傘之製造亦歸入本類。
C	11	115	1152	繩、纜、網製造業	從事棉、麻、絲、棕櫚等纖維，或人造纖維、紙、草、蔓及塑膠等編製繩、纜、網之行業，如繩、纜、漁網、裝貨吊索、配有金屬環之繩或巨纜等製造。
C	11	115	1159	其他紡織品製造業	從事1151及1152細類以外紡織品製造之行業，如標籤、徽章、鬆緊帶、氈類、花邊、刺繡、畫布、油布及濾布等製造。
C	12	121	1211	梭織外衣製造業	從事以梭織布裁剪、縫製外衣之行業，如梭織外衣、襯衫、制服、運動服裝及布質雨衣等縫製。學校、公司、工廠等各式梭織制服及運動服裝等製造亦歸入本類。
C	12	121	1212	梭織內衣及睡衣製造業	從事以梭織布裁剪、縫製內衣、內褲、睡衣、胸罩及束腹（褲）之行業。
C	12	122	1221	針織外衣製造業	從事利用針織機器織造或以針織布裁剪、縫製外衣之行業，如針織外衣、襯衫、制服、運動服裝及毛線衣（褲）等製造。學校、公司、工廠等各式針織制服及運動服裝等製造亦歸入本類。
C	12	122	1222	針織內衣及睡衣製造業	從事利用針織機器織造或以針織布裁剪、縫製內衣、內褲、睡衣、胸罩及束腹（褲）之行業。
C	12	123	1231	襪類製造業	從事襪類製造之行業。
C	12	123	1232	紡織手套製造業	從事以各種紡織材料為主要原料製造手套之行業。
C	12	123	1233	紡織帽製造業	從事以棉、毛、絲、草為原料製造或編織帽類之行業。氈帽及針織帽之製造或編織亦歸入本類。
C	12	123	1239	其他服飾品製造業	從事1231至1233細類以外服飾品製造之行業，如圍巾、領帶、領結等製造。髮網製造亦歸入本類。
C	13	130	1301	皮革、毛皮整製業	從事皮革、毛皮整製之行業，如皮革、毛皮之鞣製、硝製、染整、梳整、壓花、上漆、上蠟，或以熟製皮革下腳為原料從事磨碎、壓製等製造。
C	13	130	1302	鞋類製造業	從事以各種材料製造鞋類之行業，如皮鞋、橡膠鞋、塑膠鞋及紡織鞋等製造。鞋面、鞋底及鞋跟等組件製造亦歸入本類。
C	13	130	1303	行李箱及手提袋製造業	從事以皮革、仿皮革及其他材料（如塑膠皮布、紡織品、硫化纖維）製造行李箱、手提袋及類似品之行業。
C	13	130	1309	其他皮革、毛皮製品製造業	從事1301至1303細類以外皮革、毛皮及仿皮革製品製造之行業，如皮衣、皮帽、皮手套（非運動用）、皮帶、毛皮手套、非金屬（紡織品、皮革、塑膠）錶帶等製造。
C	14	140	1401	製材業	從事原木之鋸或鉋成製造用材料或半成品之行業，如枕木、電桿木、地板材等鋸製。木材保存處理，如乾燥處理、浸漬防腐處理之行業及設於林地之專業性鋸木廠亦歸入本類。
C	14	140	1402	合板及組合木材製造業	從事合板及組合木材製造之行業，如單板、合板、粒片板及纖維板等製造。合板表面處理等二次加工之行業亦歸入本類。
C	14	140	1403	建築用木製品製造業	從事建築用木製品製造之行業，如樑、椽、門、窗及其框架、樓梯、欄杆、木質串珠狀椽飾及押條、木瓦及屋頂板、拼花地板及地板條、主要材料為木質之預製房屋、活動房屋及木隔板等製造。
C	14	140	1404	木質容器製造業	從事以木質、柳條材料製造容器之行業，如裝貨用之木箱、木盒、木桶、板條箱等製造。
C	14	140	1409	其他木竹製品製造業	從事1401至1404細類以外木竹製品製造之行業，如木製衣架、刷子柄及掃帚柄、雕刻品、珠寶盒、餐具、線軸、捲線筒、鏡框、畫框、鞋楦、傘柄、手杖柄、軟木、軟木製品、辮狀物及編結材料製蓆子、墊子、竹、藤、柳條及編籃製品等製造。
C	15	151	1511	紙漿製造業	從事木材、竹、草、蔗渣、廢布、廢紙、下腳棉花及其他植物纖維製造紙漿之行業。
C	15	151	1512	紙張製造業	從事以紙漿為原料製造紙張之行業，如銅版紙、道林紙、模造紙、新聞紙等製造。
C	15	151	1513	紙板製造業	從事以紙漿為原料製造紙板之行業，如黃紙板、白紙板、瓦楞芯紙、牛皮紙板等製造。
C	15	152	1520	紙容器製造業	從事以紙板、瓦楞紙、浸蠟紙、強力紙等製造密封或通氣之容器、紙袋或紙棧板之行業，如紙杯、紙碟、紙盤、紙盒、紙袋、紙板箱、瓦楞紙箱等製造。
C	15	159	1591	家庭及衛生用紙製造業	從事家庭及衛生用紙製造之行業，如面紙、餐巾紙、衛生紙等製造。衛生棉及紙尿褲等製造亦歸入本類。
C	15	159	1599	未分類其他紙製品製造業	從事1591細類以外其他紙製品製造之行業，如電腦報表紙、複寫紙、信封、郵簡、壁紙、神紙（冥紙）等。
C	16	161	1611	印刷業	從事報紙、書籍、期刊等印刷品印刷之行業。印刷製程包括使用各種方法將影像從印刷版、網版或電腦檔案轉印到紙張、塑膠、金屬、紡織製品或木材等媒介。
C	16	161	1612	印刷輔助業	從事印刷輔助之行業，如排版、印刷相關用版製作、印刷品裝訂及加工等服務。
C	16	162	1620	資料儲存媒體複製業	從事從母帶上將聲音、影像資料複製到磁性或光學媒體之行業，如影音光碟、遊戲光碟、錄音（影）帶等複製。
C	17	170	1700	石油及煤製品製造業	從事以礦產原油、頁岩、瀝青砂等，分餾提煉有機溶劑及瀝青等行業。由煤、天然氣及生質性物質等產製類似分餾物之行業亦歸入本類。
C	18	181	1810	基本化學材料製造業	從事以化合、分解、分餾、蒸發、萃取等物理或化學反應方法產生基本化學原料之行業，如化學元素、無機酸、強鹼等製造。
C	18	182	1820	石油化工原料製造業	從事以石油或天然氣產製石化基本原料及中間產品之行業，如甲醛、乙苯及丙酮等製造。
C	18	183	1830	肥料製造業	從事以化學方法製造化學肥料與土壤改進劑等行業，如氮肥、磷肥、尿素、天然磷酸鹽、天然鉀鹽及硝酸鹽鉀肥等製造。有機肥料之製造亦歸入本類。
C	18	184	1841	合成樹脂及塑膠製造業	從事合成樹脂及塑膠製造之行業，如聚乙烯、聚丙烯、聚苯乙烯、聚氯乙烯、聚醋酸乙烯、酚醛樹脂、環氧樹脂、醇酸樹脂、聚酯樹脂、矽樹脂、離子交換樹脂等製造。
C	18	184	1842	合成橡膠製造業	從事以化學合成方法製造合成橡膠或彈性物質之行業，如橡膠乳液、氟橡膠、矽橡膠等製造。
C	18	185	1850	人造纖維製造業	從事以化學方法製造合成或再生纖維棉及絲之行業，如醋酸纖維、聚酯纖維、嫘縈纖維、硝化纖維、銅銨纖維、尼龍纖維、酪素纖維、聚丙烯纖維、聚丙烯腈（亞克力）纖維、碳纖維及聚氨基甲酸酯（PU）纖維等製造。
C	19	191	1910	農藥及環境用藥製造業	從事農業及環境用藥原體及成品製造之行業，如殺蟲劑、殺蟎劑、殺鼠劑、殺菌劑、除草劑、發芽抑制劑、植物生長調節劑、消毒劑、污染防治用藥、環境用藥微生物製劑等製造。
C	19	192	1920	塗料、染料及顏料製造業	從事塗料、染料及顏料製造之行業。瓷釉、油墨之製造亦歸入本類。
C	19	193	1930	清潔用品製造業	從事清潔洗濯用品製造之行業，如表面活性劑、肥皂、天然甘油、洗衣粉及清潔劑、洗碟劑、衣物柔軟劑、牙膏及口腔衛生製劑等製造。
C	19	194	1940	化粧品製造業	從事芳香及化粧調劑製造之行業，如香水、化粧水、面霜、唇膏、染髮劑、指甲油、洗髮劑、脫毛劑等製造。化粧用香料之製造或萃取亦歸入本類。
C	19	199	1990	其他化學製品製造業	從事191至194小類以外化學製品製造之行業，如火柴、火藥、炸藥、膠水、膠黏劑、抗震劑、閃光劑、墨水及墨汁等製造。橡膠生膠之混煉亦歸入本類。
C	20	200	2001	原料藥製造業	從事人或動物用醫藥品原料製造之行業，包括合成、抽取、醱酵、組織培養等。
C	20	200	2002	西藥製造業	從事人或動物用藥品之加工調製，製成一定劑量及西藥劑型之行業。
C	20	200	2003	生物藥品製造業	從事生物藥品加工調製之行業，如疫苗、菌苗、血清、血漿萃取物等。
C	20	200	2004	中藥製造業	從事人或動物用中藥藥材之加工及其劑型之加工調製之行業。
C	20	200	2005	體外檢驗試劑製造業	從事體外檢驗試劑製造之行業，如血型分類試劑、肝炎檢驗試劑、懷孕檢驗試劑等製造。
C	20	200	2009	其他醫用化學製品製造業	從事2001至2005細類以外醫用化學製品製造之行業，如醫用縫合線、繃帶、消毒紗布、敷料等製造。
C	21	210	2101	輪胎製造業	從事橡膠輪胎及內胎製造或翻新，以及駝背胎面膠製造之行業。
C	21	210	2102	工業用橡膠製品製造業	從事工業用橡膠製品製造之行業，如橡膠輸送帶、橡膠傳動帶、橡膠滾輪、橡膠密封材、防震橡膠、建築用橡膠零配件、車輛用橡膠零配件、機械用橡膠零配件、電機電子用橡膠零配件等製造。
C	21	210	2109	其他橡膠製品製造業	從事2101及2102細類以外橡膠製品製造之行業，如橡膠板、管、橡膠衛生保健用品（如保險套及奶嘴等）、橡膠地板等製造。以橡膠浸漬、塗佈、被覆或積層之紡織品之製造亦歸入本類。
C	22	220	2201	塑膠皮、板、管材製造業	從事塑膠原料加工製造皮、板、管等基本材料之行業，如塑膠布、塑膠合成皮、塑膠板、塑膠管製造。
C	22	220	2202	塑膠膜袋製造業	從事塑膠膜袋吹製、押出之行業，如塑膠多層膜袋、塑膠保鮮膜、塑膠網袋、塑膠捲撕袋、塑膠編織袋、塑膠包裝袋、塑膠夾鏈袋、塑膠手提及購物袋等製造。
C	22	220	2203	工業用塑膠製品製造業	從事工業用塑膠製品製造之行業，如影印機塑膠配件、冰箱內部塑膠配件、家電用品塑膠外殼等製造。
C	22	220	2209	其他塑膠製品製造業	從事2201至2203細類以外塑膠製品製造之行業，如塑膠杯、塑膠碗、塑膠皮製品、塑膠網、塑膠線及保麗龍等製造。
C	23	231	2311	平板玻璃及其製品製造業	從事以矽砂等原料製造板狀玻璃之行業。平板玻璃加工製品亦歸入本類。
C	23	231	2312	玻璃容器製造業	從事以矽砂等原料製造玻璃容器之行業，如玻璃杯、玻璃瓶、玻璃罐等製造。實驗室用、製藥用玻璃器皿製造亦歸入本類。
C	23	231	2313	玻璃纖維製造業	從事以矽砂等原料製造玻璃纖維之行業。玻璃纖維絲、玻璃纖維紗及玻璃纖維紗束等製造亦歸入本類。
C	23	231	2319	其他玻璃及其製品製造業	從事2311至2313細類以外玻璃及其製品製造之行業，如玻璃磚、玻璃馬賽克、玻璃棒或管、電器玻璃（含電燈玻璃外罩）、玻璃擺飾品、鐘錶玻璃、未進行光學加工之光學玻璃元件等製造。
C	23	232	2321	耐火材料製造業	從事耐火材料製造之行業，如耐火泥、耐火磚、坩堝等製造。含有菱鎂礦、白雲石、鉻鐵礦等成份之耐火材料製造亦歸入本類。
C	23	232	2322	黏土建築材料製造業	從事黏土建築材料製造之行業，如陶瓷磚、塊、瓦、煙囪罩、導管等製造。
C	23	232	2323	陶瓷衛浴設備製造業	從事陶瓷衛浴設備製造之行業，如陶瓷馬桶、浴缸、洗手台等製造。
C	23	232	2329	其他陶瓷製品製造業	從事2321至2323細類以外陶瓷製品製造之行業，如陶瓷餐具、陶瓷雕像、陶瓷裝飾品、科學或工業用陶瓷製品、陶瓷家具等製造。
C	23	233	2331	水泥製造業	從事水泥或水泥熟料製造之行業，如卜特蘭水泥、矽質水泥、高鋁水泥、水硬性水泥等製造。
C	23	233	2332	預拌混凝土製造業	從事將水泥、混凝土粒料及摻料（輸氣劑、飛灰、爐渣等），以水充分拌合後供運至工地澆鑄用之行業。
C	23	233	2333	水泥製品製造業	從事水泥、混凝土製品製造之行業，如水泥磚、水泥瓦、混凝土磚、混凝土管、預力混凝土基樁等製造。
C	23	234	2340	石材製品製造業	從事將石材切割、成型及修飾為石材製品之行業，如石碑、石材建築材料、鋪地石板、石材家具等製造。
C	23	239	2391	研磨材料製造業	從事研磨材料製造之行業，如砂紙、砂布、砂輪等製造。
C	23	239	2392	石灰製造業	從事石灰製造之行業，如生石灰、熟石灰及水硬石灰等製造。
C	23	239	2393	石膏製品製造業	從事石膏製品製造之行業，如石膏板、熟石膏及石膏雕像等製造。
C	23	239	2399	未分類其他非金屬礦物製品製造業	從事2391至2393細類以外之其他非金屬礦物製品製造之行業，如滑石粉、石英粉、黏土料、石墨磚、矽酸鈣絕熱材料、石棉製品等製造。以瀝青、石油焦等石油副產品製造土木、建築材料及其他製品亦歸入本類。
C	24	241	2411	鋼鐵冶鍊業	從事礦砂之冶鍊以生產生鐵、合金鐵及直接還原鐵（如海綿鐵、熱鐵塊），或再以生鐵、直接還原鐵、廢鋼或鑄鋼錠精鍊成碳素鋼、合金鋼等行業。
C	24	241	2412	鋼鐵鑄造業	從事以生鐵、廢鐵與合金原料熔融之金屬液澆注至特定鑄模中製成鋼鐵元件之行業，如鐵製半成品、鑄管、鑄鋼件、鑄鐵件等鑄造。
C	24	241	2413	鋼鐵軋延及擠型業	從事以熱軋、冷軋、擠型等方式產製鋼鐵或鋼鐵合金粗製品或基本鋼鐵件之行業，如盤元、鋼軌、型鋼、棒鋼、鋼管、鋼板、鋼捲、鋼帶、鋼片等製造。
C	24	241	2414	鋼鐵伸線業	從事以伸線方式產製鋼鐵或鋼鐵合金粗製品或基本鋼鐵件之行業，如鋼線、鋼纜等製造。
C	24	242	2421	鍊鋁業	從事以鋁礬土鍊製成鋁、商用純鋁精鍊成高純度鋁或鍊製鋁合金之行業。
C	24	242	2422	鋁鑄造業	從事以初生鋁或再生鋁與合金原料熔融之金屬液澆注至特定鑄模中製成鋁元件之行業。
C	24	242	2423	鋁材軋延、擠型、伸線業	從事以軋延、擠型、伸線等方式產製鋁或鋁合金粗製品或基本鋁件之行業，如鋁線、鋁管、鋁條棒、鋁板、鋁片、鋁箔等製造。
C	24	243	2431	鍊銅業	從事以銅礦或廢銅料鍊製成銅錠或精製電解銅及銅合金之行業。
C	24	243	2432	銅鑄造業	從事以銅或銅合金熔融之金屬液澆注至特定鑄模中製成銅元件之行業。
C	24	243	2433	銅材軋延、擠型、伸線業	從事以軋延、擠型、伸線等方式產製銅或銅合金粗製品或基本銅件之行業，如銅線、銅板、銅片、銅箔、銅管、銅棒等製造。
C	24	249	2491	其他基本金屬鑄造業	從事以熔融之金屬液（鋼鐵、鋁、銅除外）澆注至特定鑄模中製成金屬元件之行業。
C	24	249	2499	未分類其他基本金屬製造業	從事2491細類以外之其他基本金屬冶鍊、軋延、擠型、伸線等，以製造其他基本金屬片、皮、箔、管、條、棒及線材等基本製品之行業。
C	25	251	2511	金屬手工具製造業	從事金屬手工具及裝配於手工具或工具機之可互換工具製造之行業，如刀、鋸、螺絲起子、虎頭鉗、扳手、耙、鋤、鑽頭、沖床沖頭、銑刀等製造。鎖具及鑰匙之製造亦歸入本類。
C	25	251	2512	金屬模具製造業	從事金屬模具製造之行業，如鑄造模具、壓鑄模具、沖壓模具、鍛造模具等製造。
C	25	252	2521	金屬結構製造業	從事營造用金屬結構製造之行業，如鋼鐵架、鋼結構、金屬橋段、金屬樑柱、金屬帷牆等製造。
C	25	252	2522	金屬建築組件製造業	從事金屬建築組件製造之行業，如金屬門窗及其框架、金屬欄杆、金屬樓梯、輕鋼架等製造。
C	25	253	2531	鍋爐、金屬貯槽及壓力容器製造業	從事鍋爐、固定裝設於場所單位供貯存或生產等用途之金屬貯槽、壓縮或液化氣體之金屬容器製造之行業。核子反應器及鍋爐附屬裝置，如冷凝器、節煤器、蒸汽收集器、散熱器等製造亦歸入本類。
C	25	253	2539	其他金屬容器製造業	從事2531細類以外金屬容器製造之行業，如金屬桶、罐、箱、筒、盒等製造。
C	25	254	2541	金屬鍛造業	從事以鍛造加工方式製造金屬鍛品之行業，如鋼鐵鍛品、鋁鍛品、銅鍛品、鎂合金鍛品等鍛造。
C	25	254	2542	粉末冶金業	從事金屬粉末衝壓燒結製成元件之行業。
C	25	254	2543	金屬熱處理業	從事以滲碳、滲氮、化學蒸鍍或物理蒸鍍等冶金原理進行金屬及其製品表面處理，或以淬火、退火、回火等方式，並藉溫度、氣體及時間等控制，改善其組織或物理性質之行業。
C	25	254	2544	金屬表面處理業	從事金屬及其製品之表面磨光、電鍍、鍍著、塗覆、烤漆、噴漆、染色、壓花、發藍、上釉及其他化學處理之行業。塑膠製品表面電鍍亦歸入本類。
C	25	254	2549	其他金屬加工處理業	從事2541至2544細類以外金屬加工處理之行業，如裁剪、焊接等加工處理。
C	25	259	2591	螺絲、螺帽及鉚釘製造業	從事有、無螺紋製品之緊固件製造之行業，如梢、釘、鉚釘、螺帽、螺栓、螺絲、螺旋鉤、螺旋圈、墊圈（華司）等製造。
C	25	259	2592	金屬彈簧製造業	從事金屬彈簧製造之行業，如彈片、板彈簧、扭彈簧、盤彈簧、螺旋彈簧等製造。
C	25	259	2593	金屬線製品製造業	從事以金屬線（絲）加工製造製品之行業，如縫針、迴形針、大頭針、釘書針、金屬鉤針、金屬別針、圖釘、金屬髮夾、金屬衣架、刺鐵絲網、鋼鐵鏈等製造。
C	25	259	2599	未分類其他金屬製品製造業	從事2591至2593細類以外之其他金屬製品製造之行業，如金屬餐具、金屬浴缸及臉盆、永久性磁鐵、武器及彈藥、保險箱、瓶蓋、警鐘、徽章等製造。
C	26	261	2611	積體電路製造業	從事晶圓、光罩、記憶體及其他積體電路製造之行業。
C	26	261	2612	分離式元件製造業	從事分離式元件製造之行業，如二極體、電晶體、閘流體、積體電路引腳架、二極體及電晶體專用導線架等製造。
C	26	261	2613	半導體封裝及測試業	從事半導體封裝及測試之行業。
C	26	262	2620	被動電子元件製造業	從事被動電子元件製造之行業，如電子用之電容器、繼電器、電感器、電阻裝置等製造。
C	26	263	2630	印刷電路板製造業	從事印刷電路板製造之行業。印刷電路銅箔基板製造亦歸入本類。
C	26	264	2641	液晶面板及其組件製造業	從事液晶面板及其組件製造之行業，如液晶面板、背光模組、彩色濾光片等製造。
C	26	264	2642	發光二極體製造業	從事發光二極體（LED）製造之行業。
C	26	264	2643	太陽能電池製造業	從事太陽能電池及其模組製造之行業。
C	26	264	2649	其他光電材料及元件製造業	從事2641至2643細類以外光電材料及元件製造之行業，如電漿面板及其組件等製造。
C	26	269	2691	印刷電路板組件製造業	從事印刷電路板組件製造之行業，如主機卡、音效卡、網路卡、視訊卡、控制卡及其他印刷電路板組件製造。
C	26	269	2699	未分類其他電子零組件製造業	從事2691細類以外之其他電子零組件製造之行業，如電子連接器（線）、濾波器、轉換器、電磁閥、石英振盪器、通訊微波元件、電子管等製造。
C	27	271	2711	電腦製造業	從事電腦製造或組裝之行業，如大型主機、個人電腦、手提式電腦、電腦伺服器、個人數位助理器（PDA）、微型電腦等製造或組裝。從事組裝或整合處理器、記憶裝置、儲存裝置及輸出輸入裝置成為使用者可編寫程式的最終產品之行業亦歸入本類。
C	27	271	2712	顯示器及終端機製造業	從事顯示器及終端機製造之行業，如液晶顯示器、陰極射線管顯示器及終端機等製造。
C	27	271	2719	其他電腦週邊設備製造業	從事2711及2712細類以外電腦週邊設備製造之行業，如滑鼠、鍵盤、印表機、光碟機、光碟燒錄器、硬碟、掃描器、自動櫃員機（ATM）、生物辨識裝置、電腦控制桿裝置等製造。
C	27	272	2721	電話及手機製造業	從事電話（有線、無線）及手機製造之行業。電話答錄機製造亦歸入本類。
C	27	272	2729	其他通訊傳播設備製造業	從事2721細類以外通訊傳播設備製造之行業，如電話交換（PBX）設備、傳真設備、呼叫器、橋接器、路由器、閘道器、廣播及電視發射設備、區域網路（LAN）及廣域網路（WAN）之通訊傳播設備、數據機、防盜防災系統設備、遙控設備等製造。
C	27	273	2730	視聽電子產品製造業	從事供家庭娛樂、汽車、擴音用途之視聽電子產品製造之行業，如電視機、錄放影機、家庭劇院視聽設備、CD及DVD播放機、點唱機、揚聲器、擴音器、麥克風、耳機、家用攝影機、插槽（片）式電子遊樂器等製造。
C	27	274	2740	資料儲存媒體製造業	從事磁性及光學之空白資料儲存媒體製造之行業，如空白錄音（影）帶、磁片（帶）、光碟片等製造。
C	27	275	2751	量測、導航及控制設備製造業	從事量測、導航及控制設備製造之行業，如航空器專用儀器、衛星導航系統（GPS）設備、雷達系統設備、聲納系統及設備、環境自動控制及調節裝置、控制工業製程變數之儀器及裝置、計量器（量測氧氣、水、電流等）、計程車錶、機動車輛儀表、半導體檢測設備、實驗室專用分析儀器及系統設備等製造。非電力之量測、檢查、導航及控制設備製造亦歸入本類。
C	27	275	2752	鐘錶製造業	從事鐘錶、計時器及其零配件製造之行業。
C	27	276	2760	輻射及電子醫學設備製造業	從事輻射及電子醫學設備製造之行業，如醫學用超音波設備、助聽器、電子醫學內視鏡設備等製造。
C	27	277	2771	照相機製造業	從事光學及數位式照相機製造之行業。
C	27	277	2779	其他光學儀器及設備製造業	從事2771細類以外光學儀器及設備製造之行業，如望遠鏡、顯微鏡、光學量測位置設備、電影及幻燈片放映機、菱鏡、光學鏡片、光學鏡子、鏡片度膜或磨光、鑲嵌鏡片、火災控制或照相用途（如曝光計及測距儀）之光學量測及檢查裝置等製造。
C	28	281	2810	發電、輸電、配電機械製造業	從事發電、輸電、配電機械製造之行業，如發電、配電設備及其專用變壓器、電動機、發電機、大電流控制開關及配電盤設備、電力用繼電器及工業用電力控制設備等製造。
C	28	282	2820	電池製造業	從事電池製造之行業，如原電池（內含二氧化錳、氧化汞、氧化銀等）、電力用蓄電池及其零件（隔離板、容器、蓋子）、鉛酸電池、鎳鎘電池、鋰電池、乾（濕）電池等製造。
C	28	283	2831	電線及電纜製造業	從事電線及電纜（含光纖電纜）製造之行業。
C	28	283	2832	配線器材製造業	從事各種材質供控制電力迴路之配線器材製造之行業，如電力匯流排、電力連接器、接地短路保護裝置（GFCI）、配線用固定燈座、避雷器、電線開關、接線盒、開關箱、電線導管及配件、傳輸桿、架線五金器具、塑膠製非載電配線器材（如分線箱、面板、桿線配件）等製造。
C	28	284	2841	電燈泡及燈管製造業	從事電燈泡及燈管製造之行業。
C	28	284	2842	照明器具製造業	從事電力照明設備及其零件製造之行業，如吊燈、檯燈、手電筒、聚光燈、道路照明燈具等製造。以木炭、瓦斯、汽油、煤油等為燃料之非電力照明設備製造亦歸入本類。
C	28	285	2851	家用空調器具製造業	從事家用冷氣機、電除（加）濕器製造之行業。
C	28	285	2852	家用電冰箱製造業	從事家用電冰箱、家用電冷藏箱製造之行業。
C	28	285	2853	家用洗衣設備製造業	從事家用洗衣設備製造之行業，如洗衣機、烘乾機、脫水機等製造。
C	28	285	2854	家用電扇製造業	從事家用電扇及通風機製造之行業。
C	28	285	2859	其他家用電器製造業	從事2851至2854細類以外家用電器製造之行業，如電鍋、烤麵包器、微波爐、吹風機、電果汁機、按摩椅（器）、吸塵器、電動牙刷、電鬍刀、排油煙機、洗碗機、空氣清淨機等製造。非電力家用器具，如瓦斯爐、瓦斯烤箱、瓦斯熱水器等製造亦歸入本類。
C	28	289	2890	其他電力設備製造業	從事281至285小類以外電力設備製造之行業，如固態電池充電器、電力自動門裝置、電鈴、超音波洗滌機、不斷電設備（UPS）、電子記分板、電力交通號誌設備、燃料電池、具連接頭之延長線等製造。電力用之電容器、電阻器、換流器、整流裝置等製造亦歸入本類。
C	29	291	2911	冶金機械製造業	從事金屬冶鍊、鑄造等冶金機械製造之行業，如金屬精鍊設備、鑄造機、壓鑄機等製造。金屬軋壓機械製造亦歸入本類。
C	29	291	2912	金屬切削工具機製造業	從事金屬切削用工具機製造之行業，如磨床、鑽床、插床、刨床、車床、搪床、銑床、磨光機、拋光機等製造。
C	29	291	2919	其他金屬加工用機械設備製造業	從事2911及2912細類以外金屬加工用機械設備製造之行業，如伸線機、鍛造機、沖床、熱處理機、電鍍機等製造。
C	29	292	2921	農用及林用機械設備製造業	從事農業及林業專用機械設備製造之行業，如曳引機、除草機、分級機等製造。
C	29	292	2922	採礦及營造用機械設備製造業	從事礦業、土石採取業及營造業專用機械設備製造之行業，如探鑽機、鑿井機、選礦機、碾礦機、混凝土攪拌機、挖土機、推土機、打樁機、築路機等製造。
C	29	292	2923	食品、飲料及菸草製作用機械設備製造業	從事食品、飲料及菸草製作專用機械設備製造之行業，如肉類加工機、鮮乳殺菌機、磨米機、碾米機、水果軋碎及壓榨機、製茶機、製菸機等製造。
C	29	292	2924	紡織、成衣及皮革生產用機械設備製造業	從事紡織、成衣及皮革生產專用機械設備製造之行業，如軋棉機、清棉機、紡紗機、織布機、編織機、織帶機、印花機、上膠機、搖紗機、裁剪機、燙壓機、縫紉機、熟皮鞣製機、熟皮整理機等製造。
C	29	292	2925	木工機械設備製造業	從事木工專用機械設備製造之行業，如接榫機、刨皮機、刨木機、鋸木機、木板磨平機等製造。
C	29	292	2926	化工機械設備製造業	從事化工專用機械設備製造之行業，如捏合機、製藥機械、遠心分離機、油漆製造機、同位素分離器等製造。
C	29	292	2927	橡膠及塑膠加工用機械設備製造業	從事塑膠及橡膠製造或加工專用機械設備製造之行業，如擠型機、押出機、射出成型機、輪胎製造機等製造。
C	29	292	2928	電子及半導體生產用機械設備製造業	從事電子及半導體生產專用機械設備製造之行業，如電子生產設備、半導體生產設備、印刷電路板生產設備、液晶顯示器生產設備等製造。
C	29	292	2929	未分類其他專用機械設備製造業	從事2921至2928細類以外之其他專用機械設備製造之行業，如紙張加工機、紙製品製造機、製版機、排版機、印刷機、裝訂機、製磚機、陶瓷製造機、玻璃吹製機、燈泡製造機等製造。
C	29	293	2931	原動機製造業	從事原動機製造之行業，如引擎、內燃機、蒸汽渦輪機、水力渦輪機、鍋爐渦輪機組、渦輪發電機組等製造。內燃機之活塞、活塞環、汽化器、進氣及排氣閥等製造亦歸入本類。
C	29	293	2932	流體傳動設備製造業	從事流體傳動設備製造之行業，如液壓與氣動泵、液壓與氣動馬達、液壓與氣壓缸、液壓與氣壓閥等製造。
C	29	293	2933	泵、壓縮機、活栓及活閥製造業	從事泵、壓縮機、活栓及活閥製造之行業，如液體用泵、真空泵、氣體壓縮機、工業用活栓及活閥、衛浴設備用活栓及活閥、加熱設備用活栓及活閥等製造。
C	29	293	2934	機械傳動設備製造業	從事機械傳動裝置及其零配件製造之行業，如滾珠、軸承、齒輪、變速機、離合器、聯軸節、飛輪、滑輪、傳動鏈等製造。
C	29	293	2935	輸送機械設備製造業	從事物品輸送及搬運設備製造之行業，如吊車、滑車、電梯、絞車、輸送機、托板車、起重機、升降機、堆高機等製造。
C	29	293	2936	事務機械設備製造業	從事事務機械設備製造之行業，如影印機、打孔機、碎紙機、打字機、收銀機、支票機、數鈔機、封信機、地址機等製造。
C	29	293	2937	污染防治設備製造業	從事污染防治設備製造之行業，如噪音防制設備、空氣污染防制設備、廢（污）水處理設備等製造。
C	29	293	2938	動力手工具製造業	從事動力手工具製造之行業，如手提之電鋸、電鑽、電動磨輪機、電動拋光機、氣動剪、氣動打釘機等製造。
C	29	293	2939	其他通用機械設備製造業	從事2931至2938細類以外通用機械設備製造之行業，如工業用冷凍空調設備、液體過濾或淨化設備、蒸餾或精餾設備、非電動熔接及焊接設備、磅秤、地磅、噴槍、滅火器、噴砂機、蒸氣清潔機、包裝機、打包機、工業用電扇、工業用爐、熱交換器、氣體產生器、自動販賣機等製造。
C	30	301	3010	汽車製造業	從事汽車製造之行業，如小客車、客貨兩用車、卡車、貨車、曳引車、越野車、高爾夫球車等製造。引擎及裝有引擎之車身底盤製造等亦歸入本類。
C	30	302	3020	車體製造業	從事汽車車體、拖車、半拖車、貨櫃等製造之行業。
C	30	303	3030	汽車零件製造業	從事汽車專用零配件製造之行業，如煞車器、齒輪箱、輪圈、懸吊避震器、散熱器、消音器、排氣管、離合器、方向盤、安全帶、安全氣囊、車門、保險桿、車用電力設備等製造。車椅製造亦歸入本類。
C	31	311	3110	船舶及其零件製造業	從事船舶及海上結構物之建造、船舶專用機械及零件製造之行業，如客船、渡船、貨輪、油輪、拖船、漁船、充氣船、帆船、電動船、氣墊船、水上摩托車、獨木舟、小艇、浮式船塢、潛水箱、浮式碼頭、浮筒、浮式儲槽、起重船、橡皮艇等製造。
C	31	312	3121	機車製造業	從事二輪、三輪機車、機車引擎、機車之邊車等製造之行業。
C	31	312	3122	機車零件製造業	從事機車專用零配件製造之行業，如汽缸、曲軸、輪圈、制動系統、離合器等製造。
C	31	313	3131	自行車製造業	從事自行車製造之行業。
C	31	313	3132	自行車零件製造業	從事自行車專用零配件製造之行業，如車架、飛輪、花鼓、輪圈、前叉、座墊、鏈條、踏板、擋泥板、變速器、石棉剎車來令、曲柄齒盤、座管及手把管等製造。
C	31	319	3190	未分類其他運輸工具及其零件製造業	從事311至313小類以外之其他運輸工具及其專用零配件製造之行業，如軌道車輛、航空器、軍用戰鬥車輛、手推車、行李推車、購物車、畜力車、三輪車、病人用車（含動力發動）、嬰兒車等製造。
C	32	321	3211	木製家具製造業	從事以木、竹、藤材為主之家具及裝設品製造之行業，如木櫃、木櫥、竹椅、竹床等製造。木、竹、藤材家具之表面塗裝亦歸入本類。
C	32	321	3219	其他非金屬家具製造業	從事3211細類以外非金屬家具及裝設品製造之行業，如塑膠家具、玻璃纖維強化塑膠家具等製造。木、竹、藤材以外其他非金屬家具之表面塗裝亦歸入本類。
C	32	322	3220	金屬家具製造業	從事以金屬為主之家具及裝設品製造之行業，如金屬櫃、金屬桌等製造。金屬家具之表面塗裝亦歸入本類。
C	33	331	3311	體育用品製造業	從事各種材質之體育用品及配備製造之行業，如各種球類及球具用品、田徑用品、衝浪板、滑雪板、溜冰鞋、釣具、登山用品、體操及健身器材等製造。皮製運動手套及運動帽製造亦歸入本類。
C	33	331	3312	玩具製造業	從事各種材質之玩具、玩偶及電動玩具製造之行業，如玩具樂器、模型玩具、益智玩具、遙控玩具、騎乘玩具、填充玩偶、玩偶衣服及其配件、紙牌、棋藝等製造。電子玩具及投幣式電動遊戲機製造亦歸入本類。
C	33	331	3313	樂器製造業	從事樂器及其專用零件製造之行業，如管絃樂器、打擊樂器、鍵盤樂器、電子樂器、節拍器、調音及定音器等製造。樂譜架製造亦歸入本類。
C	33	331	3314	文具製造業	從事文具製造之行業，如各種筆類、鉛筆芯、橡皮擦、修正液、印臺、書畫板、美術用具等製造。
C	33	332	3321	眼鏡製造業	從事眼鏡及其鏡片製造之行業，如矯正用眼鏡、太陽眼鏡、隱形眼鏡、潛水眼鏡、安全護目鏡等製造。眼鏡框、義眼製造亦歸入本類。
C	33	332	3329	其他醫療器材及用品製造業	從事3321細類以外一般醫學、矯治、獸醫等用途之非電子醫療器材及用品製造之行業，如擔架、注射器、注射針、導尿管、插管、義肢、假牙、齒模、牙科用黏固粉等製造。
C	33	339	3391	珠寶及金工製品製造業	從事珠寶、貴金屬及金屬之鑲嵌、鏤刻或琢磨，以製造各種首飾、案頭裝飾品及其他製品之行業。錢幣、人造珠寶、金屬錶帶及飾物製造亦歸入本類。
C	33	339	3392	拉鍊及鈕扣製造業	從事拉鍊、鈕扣製造之行業。
C	33	339	3399	其他未分類製造業	從事3391及3392細類以外各種材質安全防護配備及其他製品製造之行業，如安全帽、安全帶、護具、護膝、防火衣、防毒面具、棺柩、掃帚、刷子、傘、手杖（非醫療用）、打火機、非金屬飾物及小件什物等製造。
C	34	340	3400	產業用機械設備維修及安裝業	從事產業用機械設備維修及安裝之行業，如機械、電子及光學設備、度量衡儀器、電力設備、船舶、航空器、軌道車輛、投幣式電玩設備等產業用機械設備之維修，以及廠房機械及保齡球道設備等安裝服務。大規模機械拆除服務亦歸入本類。
D	35	351	3510	電力供應業	從事發電、輸電及配電之行業。
D	35	352	3520	氣體燃料供應業	從事氣體燃料製造，並以管線供應用戶之行業。液化氣體燃料之分裝亦歸入本類。
D	35	353	3530	蒸汽供應業	從事蒸汽、冷暖氣等製造及配送之行業。熱水（含溫泉）及冰水供應亦歸入本類。
E	36	360	3600	用水供應業	從事工商服務業及民生用水之集取、淨化及配送之行業，如海水、河水、湖水、雨水及地下水等之集取、淡化、淨化，及以管線或貨車方式配送用水等。
E	37	370	3700	廢（污）水處理業	從事廢（污）水處理之行業，如下水道系統及污水處理設施之經營、家庭污水之收集及清運，水溝、廢（污）水坑及化糞池之清理，流動廁所清潔服務，以物理、化學及生物等方法處理廢（污）水，下水道及排水管之維護及清理等。
E	38	381	3811	無害廢棄物清除業	從事無害廢棄物清除及搬運之行業，如公共場所及家庭垃圾、建築廢棄物、一般事業廢棄物等清除及搬運。無害廢棄物轉運站之經營亦歸入本類。
E	38	381	3812	有害廢棄物清除業	從事有害廢棄物清除及搬運之行業。有害廢棄物轉運站之經營亦歸入本類。
E	38	382	3821	無害廢棄物處理業	從事無害廢棄物處理之行業，如無害廢棄物之掩埋、焚化等。堆肥處理亦歸入本類。
E	38	382	3822	有害廢棄物處理業	從事有害廢棄物處理之行業，如有害廢棄物處理設備之運作、有害廢棄物之焚化、固化、熱解、熔融等、核廢料之處理及存放等。
E	38	383	3830	資源回收處理業	從事資源回收物分類、拆解、粉碎、減積等處理或處理成再生原料之行業，如廢車船拆解、車殼粉碎、廢輪胎粉碎、廢家電（電腦）拆解、廢照明光源回收處理、廢玻璃處理成碎玻璃砂等。
E	39	390	3900	污染整治業	從事污染整治之行業，如受污染土地及地下水消毒、受污染水面消毒及清理、油溢清理、減少有毒物質（如石棉、鉛顏料等）之危害等。
F	41	410	4100	建築工程業	從事住宅及非住宅建物之興建、改建、修繕等行業。焚化廠、廢棄物處理廠、工業廠房、預鑄房屋、室內運動場館、機械式停車塔及靈骨塔之營造亦歸入本類。
F	42	421	4210	道路工程業	從事鐵路、公路、隧道、坑道、橋樑等工程之興建、改建、修繕等行業。道路標示工程亦歸入本類。
F	42	422	4220	公用事業設施工程業	從事水、電、燃氣及電信等公用事業之配送線路、管道及其建物之整體結構工程之興建、改建、修繕等行業，如水庫、灌溉系統、自來水淨水場、污水處理廠、發電廠、電力及電信等公用事業設施工程。水井鑽鑿亦歸入本類。
F	42	429	4290	其他土木工程業	從事421及422小類以外土木工程之興建、改建、修繕等行業，如水道、堤壩、港埠、煉油廠、電力及電信傳送塔、遊樂區及各種室外運動（球）場等營造及土地填築、河道開鑿、港灣疏濬等工程。涉及增設道路、公共設施等之土地劃分工程亦歸入本類。
F	43	431	4310	整地、基礎及結構工程業	從事建物及結構體拆除、岩石開鑿、土方、基礎、預拌混凝土、鋼構、帷幕牆、石作、煙囪等工程之行業。石油及天然氣以外之礦場非自辦準備作業亦歸入本類。
F	43	432	4320	庭園景觀工程業	從事公園、庭園景觀工程之興建、改建、修繕等行業，如設置人造草皮或營造步道、圍籬、塑像、噴泉、假山堆製及池沼開鑿等景觀工程。
F	43	433	4331	機電、電信及電路設備安裝業	從事建物及土木工程結構體之機電設備、電信線路及電力線路之安裝、維修等行業，如電梯、電扶梯、自動門、監視系統、消防警報系統、電力、電纜及電話線路、公路號誌等安裝工程。
F	43	433	4332	冷凍、空調及管道工程業	從事冷凍、通風系統及空氣調節設備之安裝、維修，及下水道、各種配送管道末端之接管、配管等工程之行業。消防自動噴水系統、飲用水設備、廚房及衛浴管道之裝修工程亦歸入本類。
F	43	433	4339	其他建築設備安裝業	從事4331及4332細類以外建物及土木工程結構體基本設備之安裝、維修等行業，如避雷針及其導線、共同天線及家用衛星接收器等工程。
F	43	434	4340	最後修整工程業	從事建物及土木工程結構體之室內、外最後修整工程之行業，如防水、隔熱、隔音等隔離工程、門窗安裝、玻璃鑲嵌、油漆粉刷、壁紙張貼、瓷磚黏貼、地板安裝、廚具安裝、系統櫥櫃安裝等工程。
F	43	439	4390	其他專門營造業	從事431至434小類以外專門營造之行業，如鷹架、模板、起重、房屋遷移、工作平台架設等工程。附操作員之營造設備租賃亦歸入本類。
G	45-46	451	4510	商品經紀業	以按次計費或依合約計酬方式，從事有形商品買賣居間說合而收取佣金之行業。經由網際網路從事商品經紀亦歸入本類。
G	45-46	452	4520	綜合商品批發業	以非特定專賣形式從事多種系列商品批發之行業。
G	45-46	453	4531	穀類及豆類批發業	從事穀類及豆類批發之行業，如稻米、麥類、玉米、高梁、花生等批發。種子、製油用子實及不可食用豆類批發亦歸入本類。
G	45-46	453	4532	花卉批發業	從事切花及植物批發之行業。
G	45-46	453	4533	活動物批發業	從事活動物批發之行業，如家畜、幼畜（禽）、種畜（禽）、魚苗等活動物批發。寵物批發亦歸入本類。
G	45-46	453	4539	其他農產原料批發業	從事4531至4533細類以外農業初級產品批發之行業，如麻、棉花、蠶繭等天然纖維原料、未加工菸草、靈芝、生皮及生毛皮、生乳等批發。作為動物飼料用之農產原料、廢料、殘渣、副產品批發亦歸入本類。
G	45-46	454	4541	蔬果批發業	從事生鮮、冷藏或保藏蔬菜、水果批發之行業。
G	45-46	454	4542	肉品批發業	從事生鮮、冷藏、冷凍或保藏肉品批發之行業。家禽活體批發亦歸入本類。
G	45-46	454	4543	水產品批發業	從事生鮮、冷藏、冷凍或保藏水產品批發之行業，如魚類、蝦蟹類、頭足類、藻類、貝介類等批發。
G	45-46	454	4544	冷凍調理食品批發業	從事冷凍調理食品批發之行業，如冷凍調理蔬菜、點心、麵糰、漢堡肉、火鍋用料、裹麵油炸食品、料理燒烤食品等冷凍調理食品批發。
G	45-46	454	4545	乳製品、蛋及食用油脂批發業	從事乳製品、蛋及食用油脂批發之行業。
G	45-46	454	4546	菸酒批發業	從事菸草製品及酒類批發之行業。
G	45-46	454	4547	非酒精飲料批發業	從事含酒精成分不超過0.5％飲料批發之行業。
G	45-46	454	4548	咖啡、茶葉及香料批發業	從事咖啡、茶葉及胡椒、咖哩、肉桂等香料批發之行業。可可批發亦歸入本類。
G	45-46	454	4549	其他食品批發業	從事4541至4548細類以外食品批發之行業，如糖果、糕餅、冰品、麵食品等加工食品批發。動物飼料批發亦歸入本類。
G	45-46	455	4551	布疋批發業	從事天然或人造纖維製成之布疋、織物等批發之行業。紡織紗批發亦歸入本類。
G	45-46	455	4552	服裝及其配件批發業	從事服裝及其配件批發之行業，如男裝、女裝、童裝、嬰兒服、運動服、游泳衣褲、制服、襪子、手套、髮飾、帽子、圍巾、領帶、皮帶、手帕、皮包、手提包、假髮及人造珠寶等批發。
G	45-46	455	4553	鞋類批發業	從事鞋類及其配件批發之行業。
G	45-46	455	4559	其他服飾品批發業	從事4551至4553細類以外服飾品批發之行業，如旅行箱（袋）、洋傘、雨衣（鞋）及針線、拉鍊、鈕扣等縫紉用品批發。
G	45-46	456	4561	家庭電器批發業	從事家庭電器用品及器材批發之行業。視聽設備及家用照明設備批發亦歸入本類。
G	45-46	456	4562	家具批發業	從事家具批發之行業。廚具批發亦歸入本類。
G	45-46	456	4563	家飾品批發業	從事家庭裝飾品批發之行業，如寢具、毛巾、桌巾、椅套、地毯、窗簾、百葉窗、壁紙等批發。
G	45-46	456	4564	家用攝影器材及光學產品批發業	從事家庭用攝影器材及光學產品批發之行業，如家用攝影機、照相機、底片、望遠鏡批發。
G	45-46	456	4565	鐘錶及眼鏡批發業	從事鐘錶、眼鏡及其零配件批發之行業。
G	45-46	456	4566	珠寶及貴金屬製品批發業	從事珠寶及金銀條、幣等貴金屬製品批發之行業。
G	45-46	456	4567	清潔用品批發業	從事清潔洗濯用品批發之行業，如洗碗精、洗衣粉、衣物柔軟精、去污劑、亮光劑等批發。牙膏及牙粉批發亦歸入本類。
G	45-46	456	4569	其他家庭器具及用品批發業	從事4561至4567細類以外家庭器具及用品批發之行業，如炊具、掃帚、刷子、塑膠袋、家庭衛生用紙、家用瓦斯器具、餐具、器皿等批發。
G	45-46	457	4571	藥品及醫療用品批發業	從事中西藥品及醫療用品、耗材批發之行業。
G	45-46	457	4572	化粧品批發業	從事清潔用、保養用、彩粧用化粧品批發之行業。香水、香皂、沐浴乳、洗（潤）髮精、染髮劑批發亦歸入本類。
G	45-46	458	4581	書籍、文具批發業	從事書籍、雜誌、報紙及文具批發之行業。已錄製書籍內容之CD或DVD批發亦歸入本類。
G	45-46	458	4582	運動用品、器材批發業	從事運動用品、器材等批發之行業，如釣魚用具、露營用品、登山用品、自行車及溜冰鞋、登山鞋等特殊運動用鞋等批發。
G	45-46	458	4583	玩具、娛樂用品批發業	從事玩具、娛樂用品等批發之行業，如錄音（影）帶、影音光碟、棋類用品、遊樂器（遊戲軟體已燒錄，固定不可更換）等批發。樂器、樂譜批發亦歸入本類。
G	45-46	461	4611	木製建材批發業	從事木製建材批發之行業，如木材、合板、木門窗等批發。竹材及杉皮批發亦歸入本類。
G	45-46	461	4612	磚瓦、砂石、水泥及其製品批發業	從事磚瓦、砂石、水泥、石灰及其製品等建材批發之行業。混凝土批發亦歸入本類。
G	45-46	461	4613	磁磚、貼面石材、衛浴設備批發業	從事磁磚、貼面石材、衛浴設備等建材批發之行業。
G	45-46	461	4614	漆料、塗料批發業	從事漆料、塗料及光油等批發之行業。
G	45-46	461	4615	金屬建材批發業	從事金屬建材批發之行業。建材五金及金屬手工具批發亦歸入本類。
G	45-46	461	4619	其他建材批發業	從事4611至4615細類以外建材批發之行業，如平板玻璃、纖維板批發。
G	45-46	462	4621	化學材料批發業	從事化學材料批發之行業，如基肥、煤焦油、人造纖維、工業鹽類、塑膠材料、橡膠材料、合成樹脂、石油化工原料、非食用動植物油脂等化學材料批發。
G	45-46	462	4622	化學製品批發業	從事藥品、化粧品、清潔用品、漆料、塗料以外之農用及工業用化學製品批發之行業，如顏料、染料、農藥、著色劑、化學溶劑、界面活性劑、工業添加劑、油墨等化學製品批發。
G	45-46	463	4631	液體、氣體燃料及相關產品批發業	從事液體、氣體燃料及相關產品批發之行業，如汽油、柴油、煤油、液化石油氣、航空燃油及燃料油、潤滑油等批發。
G	45-46	463	4639	其他燃料批發業	從事4631細類以外燃料批發之行業，如煤、焦煤、薪柴、木炭、核能燃料等批發。
G	45-46	464	4641	電腦及其週邊設備、軟體批發業	從事電腦及其週邊設備、軟體批發之行業。
G	45-46	464	4642	電子設備及其零組件批發業	從事家庭電器及電腦以外之電子設備、器材及其零組件批發之行業，如通訊傳播設備、半導體裝置、微晶片、積體電路、印刷電路板、電子開關及真空管等批發。空白錄音（影）帶、磁片、光碟片批發亦歸入本類。
G	45-46	464	4643	農用及工業用機械設備批發業	從事農用及工業用機械設備及其零配件、用品批發之行業，如農藝、園藝、採礦、製造、營建等機械設備批發。
G	45-46	464	4644	辦公用機械器具批發業	從事辦公室用機械器具批發之行業，如收銀機、打卡機、打字機、碎紙機、數鈔機、計算機、影印機等批發。辦公室家具批發亦歸入本類。
G	45-46	464	4649	其他機械器具批發業	從事4641至4644細類以外機械器具批發之行業，如量測、實驗、醫療、消防、美容、理髮、洗車、飲水、遊樂等機械設備批發，飛機、火車及船艇等交通運輸工具批發，電力設備及電線、馬達、變壓器等電力器材批發。
G	45-46	465	4651	汽車批發業	從事汽車批發之行業。客用或貨用大型汽車及拖車、露營車、吉普車、救護車等車輛批發亦歸入本類。
G	45-46	465	4652	機車批發業	從事機車批發之行業。
G	45-46	465	4653	汽機車零配件、用品批發業	從事汽機車零件、配備、用品批發之行業。汽機車輪胎批發亦歸入本類。
G	45-46	469	4691	回收物料批發業	從事回收物料批發之行業，如廢紙、廢五金等再生資源批發。
G	45-46	469	4699	未分類其他專賣批發業	從事4691細類以外其他商品專賣批發之行業，如紙漿、紙張（板）、古董、藝術品、紀念品、手工藝品、喪葬用品、宗教用品、基本金屬、礦物、皮革等批發。
G	47-48	471	4711	食品飲料為主之綜合商品零售業	從事以食品飲料為主之綜合商品零售店。本類所銷售之商品，除食品、飲料或菸草製品三種主要商品以外，亦銷售服裝、家具、電器、五金、化粧品等其他種類之商品，如超級市場、便利商店等。
G	47-48	471	4719	其他綜合商品零售業	從事4711細類以外綜合商品零售店。本類所銷售之商品多為一般性商品，包括服裝、家具、電器、五金、化粧品、珠寶、玩具、運動用品等，如百貨公司、零售式量販店等。
G	47-48	472	4721	蔬果零售業	從事生鮮、冷藏或保藏蔬菜、水果之專賣零售店。
G	47-48	472	4722	肉品零售業	從事生鮮、冷藏、冷凍或保藏肉品之專賣零售店。家禽活體零售店亦歸入本類。
G	47-48	472	4723	水產品零售業	從事生鮮、冷藏、冷凍或保藏水產品之專賣零售店，如魚類、蝦蟹類、頭足類、藻類、貝介類等零售店。
G	47-48	472	4729	其他食品及飲料、菸草製品零售業	從事4721至4723細類以外食品及飲料、菸草製品等商品之專賣零售店，如飲料、酒類、菸草製品、米糧、蛋類、茶葉、麵食品、糖果、烘焙食品等零售店。保健食品零售店亦歸入本類。
G	47-48	473	4731	布疋零售業	從事天然或人造纖維製成之布疋、織物專賣零售店。
G	47-48	473	4732	服裝及其配件零售業	從事服裝及其配件之專賣零售店，如男裝、女裝、童裝、嬰兒服、運動服、游泳衣褲、制服、襪子、手套、髮飾、帽子、圍巾、領帶、皮帶、手帕、皮包、手提包、假髮及人造珠寶等零售店。
G	47-48	473	4733	鞋類零售業	從事鞋類及其配件之專賣零售店。
G	47-48	473	4739	其他服飾品零售業	從事4731至4733細類以外服飾品之專賣零售店，如旅行箱（袋）、洋傘、雨衣（鞋）及針線、拉鍊、鈕扣等縫紉用品零售店。
G	47-48	474	4741	家庭電器零售業	從事家庭電器用品及器材之專賣零售店。家用照明設備專賣零售店亦歸入本類。
G	47-48	474	4742	家具零售業	從事家具之專賣零售店。廚具零售店亦歸入本類。
G	47-48	474	4743	家飾品零售業	從事家庭裝飾品之專賣零售店，如寢具、毛巾、桌巾、椅套、地毯、窗簾、百葉窗、壁紙等零售店。
G	47-48	474	4744	鐘錶及眼鏡零售業	從事鐘錶、眼鏡及其零配件之專賣零售店。
G	47-48	474	4745	珠寶及貴金屬製品零售業	從事珠寶及金銀條、幣等貴金屬製品之專賣零售店。
G	47-48	474	4749	其他家庭器具及用品零售業	從事4741至4745細類以外家庭器具及用品之專賣零售店，如家用攝影器材與光學產品、炊具、清潔用品、家用瓦斯器具、濾水器、餐具、器皿等零售店。
G	47-48	475	4751	藥品及醫療用品零售業	從事中西藥品及醫療用品、耗材之專賣零售店。
G	47-48	475	4752	化粧品零售業	從事清潔用、保養用、彩粧用化粧品之專賣零售店。香水、香皂、沐浴乳、洗（潤）髮精、整髮劑、染髮劑專賣零售店亦歸入本類。
G	47-48	476	4761	書籍、文具零售業	從事書籍、雜誌、報紙及文具之專賣零售店。
G	47-48	476	4762	運動用品、器材零售業	從事運動用品、器材之專賣零售店，如釣魚用具、露營用品、登山用品、自行車及溜冰鞋、登山鞋等特殊運動用鞋零售店。
G	47-48	476	4763	玩具、娛樂用品零售業	從事玩具、娛樂用品之專賣零售店。遊樂器（遊戲軟體已燒錄，固定不可更換）及樂器零售店亦歸入本類。
G	47-48	476	4764	音樂帶及影片零售業	從事唱片、錄音（影）帶、影音光碟之專賣零售店。
G	47-48	481	4810	建材零售業	從事漆料、塗料及居家修繕等建材、工具、用品之專賣零售店。
G	47-48	482	4821	加油（氣）站業	從事銷售汽油、柴油及液化石油氣之加油（氣）站。
G	47-48	482	4829	其他燃料零售業	從事4821細類以外燃料專賣零售店，如木炭、桶裝瓦斯零售店及礦油行。
G	47-48	483	4831	電腦及其週邊設備、軟體零售業	從事電腦及其週邊設備、用品、軟體之專賣零售店。可更換軟體之電子遊樂器專賣零售店亦歸入本類。
G	47-48	483	4832	通訊設備零售業	從事通訊設備之專賣零售店。
G	47-48	483	4833	視聽設備零售業	從事電視機、音響、錄放影（音）機及收音機等視聽設備之專賣零售店。
G	47-48	484	4841	汽車零售業	從事全新及中古汽車之專賣零售店。吉普車、露營車零售店亦歸入本類。
G	47-48	484	4842	機車零售業	從事全新及中古機車之專賣零售店。
G	47-48	484	4843	汽機車零配件、用品零售業	從事全新及中古汽機車零件、配備、用品之專賣零售店。汽機車輪胎零售店亦歸入本類。
G	47-48	485	4851	花卉零售業	從事切花及植物之專賣零售店。
G	47-48	485	4852	其他全新商品零售業	從事4851細類以外其他全新商品之專賣零售店，如紀念品、手工藝品、宗教用品、喪葬用品等全新商品零售店。寵物零售店亦歸入本類。
G	47-48	485	4853	中古商品零售業	從事汽機車以外中古商品之專賣零售店。古董、古錢、古玩及中古郵票零售店亦歸入本類。
G	47-48	486	4861	食品、飲料及菸草製品之零售攤販業	從事食品、飲料及菸草製品零售之固定或流動攤販。
G	47-48	486	4862	紡織品、服裝及鞋類之零售攤販業	從事紡織品、服裝及其配件、鞋類零售之固定或流動攤販。
G	47-48	486	4869	其他商品之零售攤販業	從事4861及4862細類以外商品零售之固定或流動攤販，如書籍、遊樂器、玩具、家用器具、音樂帶及影片等商品零售攤販。
G	47-48	487	4871	電子購物及郵購業	從事以郵件及廣播、電視、網際網路等電子媒介方式零售商品之行業。本類主要以網站或其他廣告工具提供廣告、型錄等商品資訊，經由郵件、電話或網際網路下訂單後，商品直接從網際網路下載或以運輸工具運送至客戶處。電話行銷及網際網路拍賣亦歸入本類。
G	47-48	487	4872	直銷業	從事直接推銷有形商品之單層直銷或多層次傳銷之行業。
G	47-48	487	4879	未分類其他無店面零售業	從事4871及4872細類以外之其他無店面商品零售之行業，如以自動販賣機銷售商品。
H	49	491	4910	鐵路運輸業	從事鐵路客貨運輸之行業。
H	49	492	4920	大眾捷運系統運輸業	從事以軌道運輸系統輸送都會區內旅客之行業。
H	49	493	4931	公共汽車客運業	從事以汽車行駛固定路線及班次，提供一般旅客客運服務之行業。
H	49	493	4932	計程車客運業	從事以計程或計時收費方式，提供小客車客運服務之行業。
H	49	493	4939	其他汽車客運業	從事4931及4932細類以外汽車包租或承攬載客等客運服務之行業，如遊覽車、校車及員工交通車之經營等。
H	49	494	4940	汽車貨運業	從事以載貨汽車或聯結車運送貨物或貨櫃貨物之行業。搬家運送服務亦歸入本類。
H	49	499	4990	其他陸上運輸業	從事491至494小類以外陸上運輸之行業，如管道、人力車、畜力車、纜車等運輸服務。
H	50	501	5010	海洋水運業	從事海洋船舶客貨運輸之行業。
H	50	502	5020	內河及湖泊水運業	從事內陸河川、湖泊之船舶客貨運輸之行業。
H	51	510	5100	航空運輸業	從事固定及非固定班次航空運輸服務之行業，如民用航空客貨運輸、附駕駛商務專機出租、空中遊覽等運輸服務。
H	52	521	5210	報關業	受貨主委託，從事貨物進出口報關相關服務之行業。
H	52	522	5220	船務代理業	從事以委託人名義，在約定授權範圍內代為處理船舶客貨運送及其相關業務之行業，如代辦商港、航政、船舶檢修手續等服務。
H	52	523	5231	陸上貨運承攬業	從事鐵路、陸路貨運承攬服務之行業。
H	52	523	5232	海洋貨運承攬業	從事以自己名義，為委託人籌辦船舶貨運業務之行業。
H	52	523	5233	航空貨運承攬業	從事以自己名義，為委託人籌辦航空貨運業務之行業。
H	52	524	5241	停車場業	從事提供車輛停泊之場所，以計時、計次、計日或訂合約方式收取租金之行業。
H	52	524	5249	其他陸上運輸輔助業	從事5241細類以外陸上運輸輔助之行業，如汽車拖吊、貨物裝卸及道路、橋樑、隧道管理等。
H	52	525	5251	港埠業	從事港口、碼頭、船塢、燈塔、航道管理等行業。
H	52	525	5259	其他水上運輸輔助業	從事5251細類以外水上運輸輔助之行業，如港區內工作船、拖駁船經營、引水、貨物裝卸、海難救助等。
H	52	526	5260	航空運輸輔助業	從事航空站管理、機坪內航空器拖曳、導引及行李、貨物、餐點裝卸、飛行管制服務等航空運輸輔助之行業。
H	52	529	5290	其他運輸輔助業	從事521至526小類以外運輸輔助之行業，如貨櫃及貨物集散站經營、與運輸有關之貨物檢驗、代計噸位等公證服務。
H	53	530	5301	普通倉儲業	從事提供倉儲設備，經營堆棧、棚棧、倉庫、保稅倉庫等行業。
H	53	530	5302	冷凍冷藏倉儲業	從事提供低溫裝置，經營冷凍冷藏倉庫之行業。
H	54	541	5410	郵政業	從事函件、包裹、快捷郵件及傳真郵件等之收寄投遞服務及代辦郵政業務之行業。
H	54	542	5420	快遞服務業	從事包裹、不具通信性質文件等取件、運輸及遞送服務之行業。宅配服務亦歸入本類。
I	55	551	5510	短期住宿服務業	從事以日或週為基礎，提供客房服務或渡假住宿服務等行業，如旅館、旅社、民宿等。本場所可附帶提供餐飲、洗衣、會議室、休閒設施、停車場等服務。
I	55	559	5590	其他住宿服務業	從事551小類以外住宿服務之行業，如露營區、休旅車營地及僅對特定對象提供臨時性住宿服務之招待所。
I	56	561	5610	餐館業	從事調理餐食提供現場立即食用之餐館。便當、披薩、漢堡等餐食外帶外送店亦歸入本類。
I	56	562	5621	非酒精飲料店業	從事供現場立即飲用之非酒精飲料供應店。冰果店亦歸入本類。
I	56	562	5622	酒精飲料店業	從事提供現場立即飲用之酒精飲料供應店。本類可附帶無提供侍者之餘興節目。
I	56	563	5631	餐食攤販業	從事調理餐食提供現場立即食用之固定或流動攤販。
I	56	563	5632	調理飲料攤販業	從事調理飲料提供現場立即飲用之固定或流動攤販。
I	56	569	5690	其他餐飲業	從事561至563小類以外餐飲服務之行業，如餐飲承包服務（含宴席承辦、團膳供應等）及基於合約僅對特定對象供應餐食之學生餐廳或員工餐廳。交通運輸工具上之餐飲承包服務亦歸入本類。
J	58	581	5811	新聞出版業	從事新聞出版，以印刷或電子形式（含網路）發行之行業。
J	58	581	5812	雜誌（期刊）出版業	從事雜誌（期刊）出版，以印刷或電子形式（含網路）發行之行業。廣播及電視節目表之出版亦歸入本類。
J	58	581	5813	書籍出版業	從事書籍出版，以印刷、有聲書或網路等形式發行之行業。
J	58	581	5819	其他出版業	從事5811至5813細類以外出版品出版之行業，如目錄、照片、明信片、賀卡、美術複製品、廣告印刷品、電話簿、工商名錄及郵寄名冊等出版。
J	58	582	5820	軟體出版業	從事軟體出版（非訂製）之行業，如作業系統軟體、應用軟體、套裝軟體、遊戲軟體等出版。線上遊戲網站經營亦歸入本類。
J	59	591	5911	影片製作業	從事電影、電視節目、電視廣告及其他影片製作之行業。
J	59	591	5912	影片後製服務業	從事電影、電視節目、電視廣告及其他影片之剪輯、轉錄、標題、字幕、電影沖印、電腦動畫及特殊效果及其他後製服務之行業。
J	59	591	5913	影片發行業	從事電影、電視節目及其他影片之發行權取得，並發行電影片、錄影帶、DVD片及類似產品之行業。取得影片版權並授權他人發行，或從事影片版權買賣亦歸入本類。
J	59	591	5914	影片放映業	從事在電影院、戶外或其他場所放映影片之行業。
J	59	592	5920	聲音錄製及音樂出版業	從事聲音錄製及音樂出版之行業，如原創有聲母片（如磁帶、CD）之製作、擁有版權並向批發商、零售商或直接對大眾發行有聲產品。同時從事有聲產品製作及發行或僅從事其中一項活動，以及在錄音室或其他地方從事聲音錄製服務，包括廣播節目預錄帶（非現場播出）之製作及廣播節目發行，亦歸入本類。
J	60	601	6010	廣播業	從事以無線電、有線電或衛星傳播聲音，供公眾直接收聽之行業。網路廣播（網路廣播電台）或結合廣播之資訊傳播亦歸入本類。
J	60	602	6021	電視傳播業	從事將完整電視頻道節目透過公共電波或衛星傳播影像及聲音，供公眾直接收視之行業。完整電視頻道節目可能自外購買（如電影片、紀錄片）或自製（如地方新聞、現場報導）或兩者皆有。取得完整電視頻道節目並授權他人播送亦歸入本類。
J	60	602	6022	有線及其他付費節目播送業	從事將電視頻道節目以自有傳輸設施或經由第三者（電信業者），在收視戶付費基礎上傳播影像及聲音，供收視戶收視之行業。
J	61	610	6100	電信業	以有線電、無線電、光學、電磁系統或其他科技產品從事發送、傳輸或接收符號、信號、文字、影像、聲音或其他性質訊息等服務之行業。網際網路接取服務提供（IASP）亦歸入本類。
J	62	620	6201	電腦軟體設計業	從事電腦軟體之設計、修改、測試及維護之行業。
J	62	620	6202	電腦系統整合服務業	整合電腦軟硬體及通訊技術，以從事電腦系統之規劃及設計之行業。對客戶之電腦相關設備提供現場管理及操作服務與資訊技術顧問服務亦歸入本類。
J	62	620	6209	其他電腦系統設計服務業	從事6201及6202細類以外電腦系統設計服務之行業，如電腦災害復原處理服務。軟體安裝服務亦歸入本類。
J	63	631	6311	入口網站經營業	利用搜尋引擎，以便利網際網路資訊搜尋之網站經營行業。定期提供更新內容之媒體網站亦歸入本類。
J	63	631	6312	資料處理、網站代管及相關服務業	從事以電腦及其附屬設備，代客處理資料之行業，如電腦分時服務提供、資料登錄、圖檔掃瞄等。網站代管及應用系統服務提供（ASP）亦歸入本類。
J	63	639	6391	新聞供應業	從事將新聞資料、圖片、專欄提供媒體之行業。
J	63	639	6399	未分類其他資訊供應服務業	從事6391細類以外之其他資訊供應服務之行業，如剪報、透過電話提供預錄資訊等服務。
K	64	641	6411	中央銀行	集合發行之銀行、政府之銀行、銀行之銀行、集中調度外匯及信用之管理者等項資格於一體，並以大眾利益為目的之特殊金融機構稱之。
K	64	641	6412	銀行業	從事收受存款、辦理放款等業務之銀行。
K	64	641	6413	信用合作社業	從事以信用合作社社員為主要對象，經營銀行業務之信用合作社。
K	64	641	6414	農會、漁會信用部	從事以農會、漁會會員為主要對象，經營金融業務之各級農會、漁會信用部。
K	64	641	6415	郵政儲金匯兌業	從事郵政儲金匯兌業務之行業，如郵政劃撥、儲匯代理及郵政儲金等。
K	64	641	6419	其他存款機構	從事6411至6415細類以外收受存款、辦理放款等業務之行業。
K	64	642	6420	金融控股業	從事以控制金融相關及非金融事業之資產，並指揮其運作及管理活動之行業。
K	64	643	6430	信託、基金及其他金融工具	代表股東、職工福利或其他信託財產之受益人，從事聚集股票或資產以管理運用所設置之資產組合或法律實體。如共同基金、集合管理運用帳戶、金融資產證券化商品、員工持股／福儲信託等。這些實體賺取利息、股利及其他財產收入，而非服務收入。
K	64	649	6491	金融租賃業	從事融資性租賃之行業。租約涵蓋資產之預期壽命，承租人於租賃期擁有使用資產之所有權利，亦須承擔此項資產之全部風險。資產所有權最後可選擇轉讓或不轉讓。
K	64	649	6492	票券金融業	從事票券經紀、自營或承銷、簽證及保證等短期資金交易業務之行業。
K	64	649	6493	證券金融業	從事以有價證券交易或以其為擔保標的之人，辦理資金或有價證券融通之行業。
K	64	649	6494	信用卡發卡業	從事以發行信用卡提供信用之行業。
K	64	649	6495	典當業	從事以收質動產方式貸放資金之行業。
K	64	649	6496	民間融資業	從事民間資金融通業務之行業，如汽車貸款。
K	64	649	6499	未分類其他金融中介業	從事6491至6496細類以外之其他金融中介之行業，主要為資金之分配而非借貸，專門從事投資有價證券亦歸入本類。
K	65	651	6510	人身保險業	從事人身保險之行業。
K	65	652	6520	財產保險業	從事財產保險之行業。
K	65	653	6530	再保險業	從事再保險業務之行業。
K	65	654	6540	退休基金	專門為贊助之員工或會員提供退休所得津貼之法律實體，包括已規定津貼之退休基金計畫，及經由會員攤提之個人計畫等。
K	65	655	6551	保險代理及經紀業	從事保險代理及經紀之行業。
K	65	655	6559	其他保險及退休基金輔助業	從事6551細類以外保險及退休基金輔助業務之行業，如保險精算、保險公證及風險評估。
K	66	661	6611	證券商	從事有價證券之承銷、自行買賣及買賣行紀或居間業務之行業，如證券承銷商、自營商及經紀商。
K	66	661	6619	其他證券業	從事6611細類以外證券業務之行業。提供場所及設備作為有價證券集中交易市場之行業亦歸入本類。
K	66	662	6621	期貨商	從事衍生性金融商品之期貨契約、選擇權契約、期貨選擇權契約及槓桿保證金契約買賣業務之行業，如期貨自營商及經紀商。
K	66	662	6629	其他期貨業	從事6621細類以外期貨業務之行業。提供場所及設備作為期貨交易市場之行業亦歸入本類。
K	66	663	6631	投資顧問業	從事提供個人或公司行號有關國內外投資之引介及諮詢、顧問之行業。證券投資顧問亦歸入本類。
K	66	663	6639	其他金融輔助業	從事6631細類以外金融輔助業務之行業，如票據交換所、金融交易處理及清算活動（含信用卡交易處理）及抵押顧問及經紀。
K	66	664	6640	基金管理業	承作投資組合及基金管理之行業，如共同基金管理、其他投資基金管理及退休基金管理等。
L	67	670	6700	不動產開發業	從事不動產開發、住宅、大樓及其他建設投資興建、租售業務等行業。
L	68	681	6811	不動產租售業	從事自有不動產買賣或租賃，及不動產轉租賃之行業。不涉及增設道路、公共設施等不動產劃分而出售之行業亦歸入本類。
L	68	681	6812	不動產經紀業	從事不動產買賣、租賃之居間撮合或代理之行業。
L	68	689	6891	不動產管理業	從事為他人管理不動產之行業。
L	68	689	6899	未分類其他不動產業	從事6891細類以外之其他不動產服務之行業，如不動產估價等。
M	69	691	6911	律師事務服務業	從事提供民事、刑事、行政訴訟及法律顧問與諮詢等律師事務服務之行業。
M	69	691	6912	地政士事務服務業	從事提供土地登記及不動產交易之法律文件申請等地政士事務服務之行業。
M	69	691	6919	其他法律服務業	從事6911及6912細類以外法律服務之行業，如公證人、專利師等服務。
M	69	692	6920	會計服務業	從事帳務與財務報表之整理及查核、財務報表簽證、稅務代理及諮詢等服務之行業。
M	70	701	7010	企業總管理機構	對企業或公司之其他單位從事管理及監督，並制定決策及規劃策略之管理機構，如企業之總管理處及分支管理機構等。
M	70	702	7020	管理顧問業	從事提供企業或其他組織有關管理問題諮詢及輔導之行業，如財務決策、行銷策略、人力資源規劃、生產管理等顧問。提供公共關係服務亦歸入本類。
M	71	711	7111	建築服務業	從事建築設計及其相關技術顧問服務之行業。都市、鄉鎮規劃及景觀建築服務亦歸入本類。
M	71	711	7112	工程服務及相關技術顧問業	從事工程服務及其相關技術顧問之行業。測量及製圖服務亦歸入本類。
M	71	712	7121	環境檢測服務業	從事空氣、水、土壤、生態等環境品質之物理性、化學性及生物性檢測服務之行業。
M	71	712	7129	其他技術檢測及分析服務業	從事7121細類以外技術檢測及分析服務之行業，如振動檢測、礦物成分及純度檢驗、食品衛生檢驗、材料檢驗、品質驗證及可靠度分析、機械性能檢測等。產品認證及汽機車之定期安全檢驗服務亦歸入本類。
M	72	721	7210	自然及工程科學研究發展服務業	從事自然及工程科學為基礎之研究、試驗，而不授予學位之專門研究發展服務之行業。
M	72	722	7220	社會及人文科學研究發展服務業	從事社會及人文科學為基礎之研究、分析及規劃，而不授予學位之專門研究發展服務之行業。
M	72	723	7230	綜合研究發展服務業	從事綜合自然及工程科學、社會及人文科學等為基礎之研究、試驗、分析及規劃，而不授予學位之專門研究發展服務之行業。
M	73	731	7310	廣告業	從事廣告企劃、設計、製作及安排宣傳媒體、購買播放時段及刊登之空間等一系列服務之行業。廣告傳單與樣品分送、招攬廣告及為吸引顧客而從事之行銷活動亦歸入本類。
M	73	732	7320	市場研究及民意調查業	從事市場研究及民意調查之設計、資料蒐集、整理及分析等服務之行業。
M	74	740	7401	室內設計業	從事室內空間規劃、配置等設計服務之行業。
M	74	740	7402	工業設計業	從事產品之外觀、機構、人機介面等規劃、設計，以利產品之使用、價值及外觀達到最適化之行業。
M	74	740	7409	其他專門設計服務業	從事7401及7402細類以外專門設計服務之行業，如服裝、鞋類、珠寶、家具等商品之時尚設計、視覺傳達（平面）設計及包裝設計等服務。
M	75	750	7500	獸醫服務業	從事動物醫療保健及動物醫事檢驗服務之行業。
M	76	760	7601	攝影業	從事人像攝影、商業攝影及婚禮、會議錄影之行業。相片沖洗亦歸入本類。
M	76	760	7602	翻譯服務業	從事文字翻譯、口頭翻譯及手語服務之行業。
M	76	760	7603	藝人及模特兒等經紀業	從事代理歌手、演員、藝術家、作家、運動員、模特兒等簽訂合約或規劃事業發展等經紀服務之行業。
M	76	760	7609	未分類其他專業、科學及技術服務業	從事7601至7603細類以外之其他專業、科學及技術服務之行業，如科學及技術顧問（建築及工程顧問除外）、估價服務（不動產除外）、氣象預報、專利權經紀等服務。
N	77	771	7711	營造用機械設備租賃業	從事營造用機械設備租賃之行業。
N	77	771	7712	農業及其他工業用機械設備租賃業	從事農業及其他工業用機械設備租賃之行業。
N	77	771	7713	辦公用機械設備租賃業	從事辦公用機械設備租賃之行業，如影印機、電腦及其週邊設備等出租。辦公用家具出租亦歸入本類。
N	77	771	7719	其他機械設備租賃業	從事7711至7713細類以外機械設備租賃之行業，如電信設備、自動販賣機、測量儀器設備、醫療機械設備、舞台音響設備、電力設備、貨櫃及流動廁所等出租。
N	77	772	7721	汽車租賃業	從事以汽車租予他人，僅收取租金而不參與營運之行業。
N	77	772	7729	其他運輸工具設備租賃業	從事7721細類以外運輸工具設備租賃，僅收取租金而不參與營運之行業，如機車、船舶及飛機等出租。
N	77	773	7731	運動及娛樂用品租賃業	從事運動及娛樂用品租賃而收取租金之行業，如自行車、露營用品、海灘椅（傘）等租賃。
N	77	773	7732	錄影帶及碟片租賃業	從事錄影帶、錄音帶、CD及DVD出租而收取租金之行業。
N	77	773	7739	其他個人及家庭用品租賃業	從事7731及7732細類以外個人及家庭用品出租而收取租金之行業，如書籍、禮服及舞蹈用品等出租。
N	77	774	7740	非金融性無形資產租賃業	從事授權他人使用專利權、商標、採礦權、專營權及其他非金融性無形資產，而收取衍生利益金或權利金之行業。授權使用之形式包括允許複製、用於生產程序或產品。
N	78	781	7810	人力仲介業	從事職業介紹及人才推薦等人力仲介服務之行業。經營網際網路職業介紹服務等亦歸入本類。
N	78	782	7820	人力供應業	從事於特定期間內派遣所屬員工至客戶場所，以支援其工作之行業，如人力派遣服務。派遣員工在客戶場所工作期間，不受人力派遣業者之直接監督。提供人力資源事務管理服務，但不負責客戶員工之指揮及管理者亦歸入本類。
N	79	790	7900	旅行及相關代訂服務業	從事旅行及相關代訂服務之行業，如安排及販售旅遊行程（食宿、交通、參觀活動等）、提供旅遊諮詢及旅遊相關之代訂服務等。提供導遊及領隊服務亦歸入本類。
N	80	800	8001	保全服務業	從事駐衛、人身隨護、現金或其他重要物品運送及保全系統設計、安裝、監控、巡護等安全防護之行業。
N	80	800	8002	私家偵探服務業	對個人或某一事件從事調查或偵查服務之行業。
N	81	811	8110	複合支援服務業	從事在客戶場所提供作業人員以執行環境清潔、維護、垃圾處理、設施安全管理、代收郵件等多種輔助活動之行業。本業別僅提供作業人員執行輔助活動，並不涉及客戶之核心經濟活動。
N	81	812	8120	清潔服務業	從事建築物及工業清潔服務之行業，如各式建築物內外部、工業用機械設備、油罐車及油輪之油槽內部、運輸工具（汽車除外）等清潔。病媒防治、瓶子清洗、道路清理等服務亦歸入本類。
N	81	813	8130	綠化服務業	從事花草樹木之種植、施肥、配置、修整、維護以及建築物、運動場及其他休閒場所週邊綠地維護之行業。行道樹之移植、修剪、維護亦歸入本類。
N	82	820	8201	代收帳款及信用調查服務業	從事代收帳款及信用調查服務之行業。
N	82	820	8202	會議及展覽服務業	從事會議及展覽之籌辦或管理之行業。
N	82	820	8203	影印業	從事各種文件、圖表、冊籍、模型、實物之光學及投影影印或曬圖之行業。
N	82	820	8209	其他業務及辦公室支援服務業	從事8201至8203細類以外業務及辦公室支援服務之行業，如電話客服中心、包裝承攬、文件打字服務、速記服務、會議即時字幕服務、地址條碼服務、條碼壓印服務、郵件分類及獨立拍賣業者等。
O	83	831	8311	政府機關	從事一般公共服務之各級政府行政機關。
O	83	831	8312	民意機關	從事制定法律、審核預算及對行政機關質詢等各級民意機關。
O	83	832	8320	國防事務業	從事國家防衛及相關事務之軍事機關、部隊及軍事訓練機構。
O	83	833	8330	強制性社會安全	政府提供行政及資金之社會安全計畫，如疾病、職業傷害、失業保險、退休補助金，因殘廢、退休、喪偶等喪失收入所制訂之計畫等。
O	84	840	8400	國際組織及外國機構	在國內享有特權及豁免之各種政治、經濟、社會、文化、科學、技術、救助等性質之國際組織及外國駐國內之使領館、辦事處以及代表處等機構。
P	85	851	8510	學前教育事業	從事小學前兒童教育服務之行業。
P	85	852	8520	小學	從事提供小學教育程度之教育服務並授予畢業證書之公私立學校。
P	85	853	8530	中學	從事提供國中或高中教育程度之教育服務並授予畢業證書之公私立學校。
P	85	854	8540	職業學校	從事高級中等教育程度之技術及職業教育服務並授予畢業證書之公私立學校。
P	85	855	8550	大專校院	從事提供大專校院教育程度之教育服務並授予畢業證書之公私立學校。
P	85	856	8560	特殊教育學校	從事提供身心障礙者學前、小學、中學或職業（技術）等連貫性教育並授予各級教育程度畢業證書之公私立學校。
P	85	857	8571	外語教育服務業	從事提供外國語言教育服務之行業。手語指導服務亦歸入本類。
P	85	857	8572	藝術教育服務業	從事提供美術、戲劇、音樂、舞蹈、攝影、手工藝等藝術教育服務之行業。
P	85	857	8573	運動及休閒教育服務業	從事對群體或個人提供運動及休閒教育（指導）服務之行業，如各種球類運動、啦啦隊、體操、馬術、游泳、武術、圍棋、紙牌遊戲（如橋牌）、瑜珈等教育服務。
P	85	857	8574	商業、資訊及專業管理教育服務業	從事提供辦公室作業流程、秘書、速記技巧、電腦資訊及專業管理訓練等課程之行業。
P	85	857	8575	課業、升學及就業補習教育服務業	從事以國小、國中及高中之課業，或以升學、公職考試、專業執照及證照考試為目的之補習教育服務之行業。
P	85	857	8579	未分類其他教育服務業	從事8571至8575細類以外之其他教育服務之行業，如速讀指導服務、美姿（儀）指導服務，以及電腦維修、飛行、汽車駕駛、救（求）生技能、演講等訓練服務。
P	85	858	8580	教育輔助服務業	從事提供教育輔助服務之行業，如教育諮詢服務、教育檢定或評估服務、學生交換計畫之組織、課程開發（設計）服務等不具教學性質之教育輔助服務。
Q	86	861	8610	醫院	設有病房收治病人之醫院。醫學校院、宗教組織、國防機構、監獄等附設之醫院亦歸入本類。
Q	86	862	8620	診所	從事門診服務之診所。機關、學校、事業單位附設之醫務室、健康中心以及衛生機關所設性病防治所、慢性病防治所、診療所等亦歸入本類。
Q	86	869	8691	醫學檢驗服務業	從事醫學檢驗服務，以協助醫師診斷之行業，如血液分析、X光檢驗等。
Q	86	869	8699	未分類其他醫療保健服務業	從事8691細類以外之其他醫療保健服務之行業，如接生、物理治療、職能治療、營養諮詢、救護車運送等服務。捐血機構及臍帶血銀行亦歸入本類。
Q	87	870	8701	居住型護理照顧服務業	對需要長期護理照顧之病人，從事提供住所及護理照顧服務之行業。其中護理服務主要係由護理專業人員協同其他人員提供。
Q	87	870	8702	居住型身心障礙者照顧服務業	對身心障礙者從事提供住所、膳食、保護、監管、諮詢及部分健康照顧等居住型照顧服務之行業。
Q	87	870	8703	居住型老人照顧服務業	對老人從事提供住所、膳食、管理及日常生活協助等居住型照顧服務之行業。
Q	87	870	8709	其他居住型照顧服務業	從事8701至8703細類以外居住型照顧服務之行業，如兒童及少年收容照顧機構、未婚媽媽之家、遊民收容所、居住型藥物濫用者照顧服務機構等。
Q	88	880	8801	兒童及少年之社會工作服務業	對兒童及少年從事居住型照顧服務以外之社會工作服務，如協助辦理收養、協助社會資源轉介及諮詢等服務。日間托兒服務亦歸入本類。
Q	88	880	8802	老人之社會工作服務業	對老人從事居住型照顧服務以外之社會工作服務，如訪視、日間照顧、協助社會資源轉介、居家服務、諮詢等服務。
Q	88	880	8803	身心障礙者之社會工作服務業	對身心障礙者從事居住型照顧服務以外之社會工作服務，如訪視、日間照顧、職業重建、協助社會資源轉介及諮詢等服務。
Q	88	880	8804	婦女之社會工作服務業	對婦女從事居住型照顧服務以外之社會工作服務，如協助社會資源轉介及諮詢等服務。
Q	88	880	8809	未分類其他社會工作服務業	從事8801至8804細類以外非居住型照顧服務之社會工作服務，如家扶中心、社區活動中心、社區調解中心及更生保護機構等。
R	90	901	9010	創作業	從事小說、漫畫、戲劇、詩歌、散文、繪畫、雕刻、塑造等創作之行業。獨立作業記者及提供藝術作品、博物館典藏文物之修復服務亦歸入本類。
R	90	902	9020	藝術表演業	從事各種戲劇、音樂、舞蹈、雜技及其他表演之行業。
R	90	903	9031	藝術表演場所經營業	從事經營音樂廳、戲劇院及其他藝術表演場所之行業。
R	90	903	9039	其他藝術表演輔助服務業	從事9031細類以外藝術表演輔助服務之行業，如籌辦藝術表演活動、舞台設計及搭建、燈光及服裝指導、藝術表演監製等輔助服務。
R	91	910	9101	圖書館及檔案保存業	從事收藏及維護各種資料（如書籍、期刊、報紙及音樂），以供查詢、借閱之圖書館及檔案保存服務之行業。
R	91	910	9102	植物園、動物園及自然生態保護機構	從事經營管理植物園、動物園及自然生態保護機構（含國家公園）等行業。
R	91	910	9103	博物館、歷史遺址及其他類似機構	從事保存、維護、陳列、展示（覽）具歷史、文化、藝術或教育價值之文物、古蹟、歷史建築、考古遺址或自然文化景觀之行業。
R	92	920	9200	博弈業	從事彩券銷售、經營博弈場、投幣式博弈機具、博弈網站及其他博弈服務之行業。
R	93	931	9311	職業運動業	從事職業運動競賽或表演之行業，如職業運動隊伍或聯盟、個人職業運動員等。
R	93	931	9312	運動場館業	從事室內（外）運動場館經營管理之行業，如球類運動場館、室內（外）游泳池、拳擊館、田徑場、健身中心及賽車場等經營管理。以自有運動場所從事籌辦職業或業餘運動競賽之組織亦歸入本類。
R	93	931	9319	其他運動服務業	從事9311及9312細類以外運動服務之行業，如籌辦運動活動、運動裁判、運動防護及其他運動相關輔助服務。
R	93	932	9321	遊樂園及主題樂園	從事經營各種機械式、水上等遊樂設施及表演秀、主題展覽等綜合活動之遊樂園及主題樂園。
R	93	932	9322	視聽及視唱業	從事提供視聽、視唱場所及設備之行業。
R	93	932	9323	特殊娛樂業	從事歌廳、舞場及有侍者陪伴之夜總會、舞廳、酒家等經營之行業。
R	93	932	9324	遊戲場業	從事以自有場所經營非博弈性質遊戲設備、投幣式騎乘設施之遊戲商場及店舖。
R	93	932	9329	其他娛樂及休閒服務業	從事9321至9324細類以外娛樂及休閒服務之行業，如海水浴場、上網專門店及摩天樓展望台等。休閒及娛樂場所附帶提供設備及用品出租服務亦歸入本類。
S	94	941	9410	宗教組織	從事推展宗教理念，宣揚宗教教義，或設有主持人並備經典、法物供公眾從事宗教儀式及宗教活動之組織。
S	94	942	9421	工商業團體	由工商事業單位組織之團體。
S	94	942	9422	專門職業團體	由專門職業人員組織之團體。
S	94	942	9423	勞工團體	由勞工組織之團體。
S	94	942	9424	農民團體	由農、林、漁、牧業人員組織之團體。
S	94	949	9491	政治團體	以共同民主政治理念，協助形成國民政治意志，促進國民政治參與為目的，由中華民國國民組成之團體。
S	94	949	9499	未分類其他組織	從事9491細類以外之其他組織，如推展文化、學術、醫療、衛生、體育、環保、聯誼、慈善、經濟業務、國際交流等活動之組織。大廈管理委員會亦歸入本類。
S	95	951	9511	汽車維修業	從事汽車保養及電機、引擎、零件、板金、烤漆、輪胎、底盤定位、玻璃、空調、音響、隔音、柴油泵浦等車身或零配件修理之行業。
S	95	951	9512	汽車美容業	從事汽車清洗、打蠟、裝潢及其他汽車美容之行業。
S	95	952	9521	電腦及其週邊設備修理業	從事電腦及其週邊設備之維護及修理之行業，如電腦、印表機、螢幕、伺服器、掃描器、自動櫃員機（ATM）、銷售點系統（POS）終端機、個人數位助理器（PDA）等維護及修理。
S	95	952	9522	通訊傳播設備修理業	從事通訊傳播設備之維護及修理之行業，如電話、手機、傳真機及其他通訊傳播設備維護及修理。
S	95	952	9523	視聽電子產品及家用電器修理業	從事視聽電子產品及家用電器之維護及修理之行業，如電視機、收音機、錄放影機、家庭攝影機、電冰箱、暖爐、洗衣機、烘乾機、冷氣機及其他家用電器維護及修理。
S	95	959	9591	機車維修業	從事機車保養及修理之行業。電動機車維修及機車輪胎之修理、安裝及更換亦歸入本類。
S	95	959	9599	未分類其他個人及家庭用品維修業	從事9591細類以外之其他個人及家庭用品維護及修理之行業，如皮鞋、皮包、家具、室內陳設品、自行車、運動用品、樂器、鐘錶及其他個人及家庭用品維護及修理。衣服修改亦歸入本類。
S	96	961	9610	洗衣業	從事以機械、手工或提供投幣式機器來洗濯、熨燙衣物、毛巾、床單、地毯、皮衣以及其他紡織製品之行業。
S	96	962	9621	美髮業	從事美髮及理髮之行業。
S	96	962	9622	美容美體業	從事美容護膚、彩粧、美指及未涉及醫療程序之美體雕塑等之行業。
S	96	963	9630	殯葬服務業	從事人或動物屍體之埋葬、火化、殯葬禮儀服務等行業。墓地租售及維護亦歸入本類。
S	96	964	9640	家事服務業	家庭僱用之傭工、洗衣工、管家、保母、家教、私人秘書、司機、園丁、護衛等家事人員服務活動。
S	96	969	9690	其他個人服務業	從事961至964小類以外個人服務之行業，如按摩服務、個人造型設計、穿耳洞服務、紋身（眉）服務、算命服務、堪輿服務、字畫裱背、陪侍服務、婚姻介紹、寵物照顧（如提供宿膳、打扮、訓練等）、個人服務之投幣式機器（如照相亭、體重機、置物箱等）、泊車服務、婚禮規劃籌辦服務等。
